tier,filter_call,cutoff,max_inner_edge,mesh_id,n_vertices,all_converged,p_d_hessian,response,sum_loglik,n,log_cpo_approx,model_id,model_path,clean_response
tree_cover_1000m_coef_uq,tree_cover_q == 'uq',2,150,mesh_3,12716,TRUE,5,tree_cover_1000m_coef,-40474.622798249,117428,-1.01374099078918,cv_tree_cover_1000m_coef_uq_mesh_3_1000m_local_density_subsets,builds/cv_subset_models/cv_tree_cover_1000m_coef_uq_mesh_3_1000m_local_density_subsets.Rds,Woody Cover Trend
tree_cover_1000m_coef_uq,tree_cover_q == 'uq',4,150,mesh_6,5556,TRUE,5,tree_cover_1000m_coef,-44886.0890753485,117428,-1.12423205618766,cv_tree_cover_1000m_coef_uq_mesh_6_1000m_local_density_subsets,builds/cv_subset_models/cv_tree_cover_1000m_coef_uq_mesh_6_1000m_local_density_subsets.Rds,Woody Cover Trend
tree_cover_1000m_coef_uq,tree_cover_q == 'uq',8,100,mesh_8,2686,TRUE,5,tree_cover_1000m_coef,-49994.1543725149,117428,-1.25217037450571,cv_tree_cover_1000m_coef_uq_mesh_8_1000m_local_density_subsets,builds/cv_subset_models/cv_tree_cover_1000m_coef_uq_mesh_8_1000m_local_density_subsets.Rds,Woody Cover Trend
tree_cover_1000m_coef_uq,tree_cover_q == 'uq',8,150,mesh_9,2377,TRUE,5,tree_cover_1000m_coef,-50059.4759491491,117428,-1.25380644064392,cv_tree_cover_1000m_coef_uq_mesh_9_1000m_local_density_subsets,builds/cv_subset_models/cv_tree_cover_1000m_coef_uq_mesh_9_1000m_local_density_subsets.Rds,Woody Cover Trend
tree_cover_1000m_coef_uq,tree_cover_q == 'uq',16,50,mesh_10,3461,TRUE,5,tree_cover_1000m_coef,-54378.4457220473,117428,-1.36198080754514,cv_tree_cover_1000m_coef_uq_mesh_10_1000m_local_density_subsets,builds/cv_subset_models/cv_tree_cover_1000m_coef_uq_mesh_10_1000m_local_density_subsets.Rds,Woody Cover Trend
tree_cover_1000m_coef_uq,tree_cover_q == 'uq',16,100,mesh_11,1422,TRUE,5,tree_cover_1000m_coef,-54379.4114786278,117428,-1.36200499620868,cv_tree_cover_1000m_coef_uq_mesh_11_1000m_local_density_subsets,builds/cv_subset_models/cv_tree_cover_1000m_coef_uq_mesh_11_1000m_local_density_subsets.Rds,Woody Cover Trend
tree_cover_1000m_coef_uq,tree_cover_q == 'uq',16,150,mesh_12,1068,TRUE,5,tree_cover_1000m_coef,-54351.7770847171,117428,-1.36131285590134,cv_tree_cover_1000m_coef_uq_mesh_12_1000m_local_density_subsets,builds/cv_subset_models/cv_tree_cover_1000m_coef_uq_mesh_12_1000m_local_density_subsets.Rds,Woody Cover Trend
tree_cover_1000m_coef_uq,tree_cover_q == 'uq',32,50,mesh_13,2065,TRUE,5,tree_cover_1000m_coef,-57766.4504565573,117428,-1.4468379115503,cv_tree_cover_1000m_coef_uq_mesh_13_1000m_local_density_subsets,builds/cv_subset_models/cv_tree_cover_1000m_coef_uq_mesh_13_1000m_local_density_subsets.Rds,Woody Cover Trend
tree_cover_1000m_coef_uq,tree_cover_q == 'uq',32,100,mesh_14,974,TRUE,5,tree_cover_1000m_coef,-58016.8249377114,117428,-1.45310887486128,cv_tree_cover_1000m_coef_uq_mesh_14_1000m_local_density_subsets,builds/cv_subset_models/cv_tree_cover_1000m_coef_uq_mesh_14_1000m_local_density_subsets.Rds,Woody Cover Trend
tree_cover_1000m_coef_uq,tree_cover_q == 'uq',32,150,mesh_15,591,TRUE,5,tree_cover_1000m_coef,-58068.9813399822,117428,-1.45441520162256,cv_tree_cover_1000m_coef_uq_mesh_15_1000m_local_density_subsets,builds/cv_subset_models/cv_tree_cover_1000m_coef_uq_mesh_15_1000m_local_density_subsets.Rds,Woody Cover Trend
evi_900m_coef_uq,evi_q == 'uq',2,50,mesh_1,15528,TRUE,5,evi_900m_coef,59559.7778458224,117428,1.49175419139965,cv_evi_900m_coef_uq_mesh_1_1000m_local_density_subsets,builds/cv_subset_models/cv_evi_900m_coef_uq_mesh_1_1000m_local_density_subsets.Rds,EVI Trend
evi_900m_coef_uq,evi_q == 'uq',2,100,mesh_2,13652,TRUE,5,evi_900m_coef,59494.4056683745,117428,1.49011685789647,cv_evi_900m_coef_uq_mesh_2_1000m_local_density_subsets,builds/cv_subset_models/cv_evi_900m_coef_uq_mesh_2_1000m_local_density_subsets.Rds,EVI Trend
evi_900m_coef_uq,evi_q == 'uq',2,150,mesh_3,13320,TRUE,5,evi_900m_coef,59780.7829140021,117428,1.49728955853334,cv_evi_900m_coef_uq_mesh_3_1000m_local_density_subsets,builds/cv_subset_models/cv_evi_900m_coef_uq_mesh_3_1000m_local_density_subsets.Rds,EVI Trend
evi_900m_coef_uq,evi_q == 'uq',4,50,mesh_4,8092,TRUE,5,evi_900m_coef,54820.8560602489,117428,1.37306156540222,cv_evi_900m_coef_uq_mesh_4_1000m_local_density_subsets,builds/cv_subset_models/cv_evi_900m_coef_uq_mesh_4_1000m_local_density_subsets.Rds,EVI Trend
evi_900m_coef_uq,evi_q == 'uq',4,100,mesh_5,6169,TRUE,5,evi_900m_coef,54816.0690388304,117428,1.37294166805667,cv_evi_900m_coef_uq_mesh_5_1000m_local_density_subsets,builds/cv_subset_models/cv_evi_900m_coef_uq_mesh_5_1000m_local_density_subsets.Rds,EVI Trend
evi_900m_coef_uq,evi_q == 'uq',4,150,mesh_6,5851,TRUE,5,evi_900m_coef,54705.758269571,117428,1.37017878749614,cv_evi_900m_coef_uq_mesh_6_1000m_local_density_subsets,builds/cv_subset_models/cv_evi_900m_coef_uq_mesh_6_1000m_local_density_subsets.Rds,EVI Trend
evi_900m_coef_uq,evi_q == 'uq',8,50,mesh_7,4746,TRUE,5,evi_900m_coef,48634.1957867616,117428,1.21810839520016,cv_evi_900m_coef_uq_mesh_7_1000m_local_density_subsets,builds/cv_subset_models/cv_evi_900m_coef_uq_mesh_7_1000m_local_density_subsets.Rds,EVI Trend
evi_900m_coef_uq,evi_q == 'uq',8,100,mesh_8,2760,FALSE,4,evi_900m_coef,48611.7597921239,117428,1.21754645574623,cv_evi_900m_coef_uq_mesh_8_1000m_local_density_subsets,builds/cv_subset_models/cv_evi_900m_coef_uq_mesh_8_1000m_local_density_subsets.Rds,EVI Trend
evi_900m_coef_uq,evi_q == 'uq',8,150,mesh_9,2422,TRUE,5,evi_900m_coef,48632.6807119659,117428,1.21807044812818,cv_evi_900m_coef_uq_mesh_9_1000m_local_density_subsets,builds/cv_subset_models/cv_evi_900m_coef_uq_mesh_9_1000m_local_density_subsets.Rds,EVI Trend
evi_900m_coef_uq,evi_q == 'uq',16,50,mesh_10,3513,FALSE,4,evi_900m_coef,43046.8425584295,117428,1.07816567045107,cv_evi_900m_coef_uq_mesh_10_1000m_local_density_subsets,builds/cv_subset_models/cv_evi_900m_coef_uq_mesh_10_1000m_local_density_subsets.Rds,EVI Trend
evi_900m_coef_uq,evi_q == 'uq',16,100,mesh_11,1454,TRUE,5,evi_900m_coef,42842.6306626186,117428,1.07305091075035,cv_evi_900m_coef_uq_mesh_11_1000m_local_density_subsets,builds/cv_subset_models/cv_evi_900m_coef_uq_mesh_11_1000m_local_density_subsets.Rds,EVI Trend
evi_900m_coef_uq,evi_q == 'uq',16,150,mesh_12,1102,TRUE,5,evi_900m_coef,42884.9250936779,117428,1.0741102312698,cv_evi_900m_coef_uq_mesh_12_1000m_local_density_subsets,builds/cv_subset_models/cv_evi_900m_coef_uq_mesh_12_1000m_local_density_subsets.Rds,EVI Trend
evi_900m_coef_uq,evi_q == 'uq',32,50,mesh_13,2066,TRUE,5,evi_900m_coef,39055.0639227767,117428,0.978186242618261,cv_evi_900m_coef_uq_mesh_13_1000m_local_density_subsets,builds/cv_subset_models/cv_evi_900m_coef_uq_mesh_13_1000m_local_density_subsets.Rds,EVI Trend
evi_900m_coef_uq,evi_q == 'uq',32,100,mesh_14,971,FALSE,3,evi_900m_coef,38642.941992474,117428,0.967864098393878,cv_evi_900m_coef_uq_mesh_14_1000m_local_density_subsets,builds/cv_subset_models/cv_evi_900m_coef_uq_mesh_14_1000m_local_density_subsets.Rds,EVI Trend
evi_900m_coef_uq,evi_q == 'uq',32,150,mesh_15,587,TRUE,5,evi_900m_coef,38565.7115513109,117428,0.965929758836619,cv_evi_900m_coef_uq_mesh_15_1000m_local_density_subsets,builds/cv_subset_models/cv_evi_900m_coef_uq_mesh_15_1000m_local_density_subsets.Rds,EVI Trend
canopy_height_900m_coef_uq,canopy_height_q == 'uq',2,100,mesh_2,11664,FALSE,4,canopy_height_900m_coef,136953.875689848,117428,3.43019274883154,cv_canopy_height_900m_coef_uq_mesh_2_1000m_local_density_subsets,builds/cv_subset_models/cv_canopy_height_900m_coef_uq_mesh_2_1000m_local_density_subsets.Rds,Canopy Height Trend
canopy_height_900m_coef_uq,canopy_height_q == 'uq',2,150,mesh_3,11327,FALSE,4,canopy_height_900m_coef,136853.006710129,117428,3.42766635050165,cv_canopy_height_900m_coef_uq_mesh_3_1000m_local_density_subsets,builds/cv_subset_models/cv_canopy_height_900m_coef_uq_mesh_3_1000m_local_density_subsets.Rds,Canopy Height Trend
canopy_height_900m_coef_uq,canopy_height_q == 'uq',4,50,mesh_4,7087,FALSE,4,canopy_height_900m_coef,131950.744000026,117428,3.30488263287145,cv_canopy_height_900m_coef_uq_mesh_4_1000m_local_density_subsets,builds/cv_subset_models/cv_canopy_height_900m_coef_uq_mesh_4_1000m_local_density_subsets.Rds,Canopy Height Trend
canopy_height_900m_coef_uq,canopy_height_q == 'uq',4,100,mesh_5,5132,FALSE,4,canopy_height_900m_coef,132027.59031513,117428,3.30680735147848,cv_canopy_height_900m_coef_uq_mesh_5_1000m_local_density_subsets,builds/cv_subset_models/cv_canopy_height_900m_coef_uq_mesh_5_1000m_local_density_subsets.Rds,Canopy Height Trend
canopy_height_900m_coef_uq,canopy_height_q == 'uq',4,150,mesh_6,4779,FALSE,4,canopy_height_900m_coef,132052.268849166,117428,3.30742545832706,cv_canopy_height_900m_coef_uq_mesh_6_1000m_local_density_subsets,builds/cv_subset_models/cv_canopy_height_900m_coef_uq_mesh_6_1000m_local_density_subsets.Rds,Canopy Height Trend
canopy_height_900m_coef_uq,canopy_height_q == 'uq',8,50,mesh_7,4265,TRUE,5,canopy_height_900m_coef,126872.63241575,117428,3.17769454530257,cv_canopy_height_900m_coef_uq_mesh_7_1000m_local_density_subsets,builds/cv_subset_models/cv_canopy_height_900m_coef_uq_mesh_7_1000m_local_density_subsets.Rds,Canopy Height Trend
canopy_height_900m_coef_uq,canopy_height_q == 'uq',8,100,mesh_8,2276,FALSE,4,canopy_height_900m_coef,126882.744706822,117428,3.17794782113967,cv_canopy_height_900m_coef_uq_mesh_8_1000m_local_density_subsets,builds/cv_subset_models/cv_canopy_height_900m_coef_uq_mesh_8_1000m_local_density_subsets.Rds,Canopy Height Trend
canopy_height_900m_coef_uq,canopy_height_q == 'uq',8,150,mesh_9,1917,TRUE,5,canopy_height_900m_coef,126856.103585816,117428,3.17728055867896,cv_canopy_height_900m_coef_uq_mesh_9_1000m_local_density_subsets,builds/cv_subset_models/cv_canopy_height_900m_coef_uq_mesh_9_1000m_local_density_subsets.Rds,Canopy Height Trend
canopy_height_900m_coef_uq,canopy_height_q == 'uq',16,100,mesh_11,1266,FALSE,2,canopy_height_900m_coef,122044.518713719,117428,3.05676798862193,cv_canopy_height_900m_coef_uq_mesh_11_1000m_local_density_subsets,builds/cv_subset_models/cv_canopy_height_900m_coef_uq_mesh_11_1000m_local_density_subsets.Rds,Canopy Height Trend
canopy_height_900m_coef_uq,canopy_height_q == 'uq',16,150,mesh_12,901,FALSE,4,canopy_height_900m_coef,122036.090063166,117428,3.05655688181049,cv_canopy_height_900m_coef_uq_mesh_12_1000m_local_density_subsets,builds/cv_subset_models/cv_canopy_height_900m_coef_uq_mesh_12_1000m_local_density_subsets.Rds,Canopy Height Trend
canopy_height_900m_coef_uq,canopy_height_q == 'uq',32,50,mesh_13,2005,FALSE,3,canopy_height_900m_coef,118640.325782786,117428,2.97150542961444,cv_canopy_height_900m_coef_uq_mesh_13_1000m_local_density_subsets,builds/cv_subset_models/cv_canopy_height_900m_coef_uq_mesh_13_1000m_local_density_subsets.Rds,Canopy Height Trend
canopy_height_900m_coef_uq,canopy_height_q == 'uq',32,100,mesh_14,935,FALSE,3,canopy_height_900m_coef,118387.124500006,117428,2.96516366528092,cv_canopy_height_900m_coef_uq_mesh_14_1000m_local_density_subsets,builds/cv_subset_models/cv_canopy_height_900m_coef_uq_mesh_14_1000m_local_density_subsets.Rds,Canopy Height Trend
canopy_height_900m_coef_uq,canopy_height_q == 'uq',32,150,mesh_15,529,FALSE,3,canopy_height_900m_coef,118321.990145681,117428,2.96353228837552,cv_canopy_height_900m_coef_uq_mesh_15_1000m_local_density_subsets,builds/cv_subset_models/cv_canopy_height_900m_coef_uq_mesh_15_1000m_local_density_subsets.Rds,Canopy Height Trend
tree_cover_1000m_coef_unfenced,fenced == 'unfenced',2,50,mesh_1,24749,TRUE,5,tree_cover_1000m_coef,-98747.2425195076,117428,-0.914258596766051,cv_tree_cover_1000m_coef_unfenced_mesh_1_1000m_local_density_subsets,builds/cv_subset_models/cv_tree_cover_1000m_coef_unfenced_mesh_1_1000m_local_density_subsets.Rds,Woody Cover Trend
tree_cover_1000m_coef_unfenced,fenced == 'unfenced',2,100,mesh_2,23487,TRUE,5,tree_cover_1000m_coef,-99301.916590703,117428,-0.919394087388925,cv_tree_cover_1000m_coef_unfenced_mesh_2_1000m_local_density_subsets,builds/cv_subset_models/cv_tree_cover_1000m_coef_unfenced_mesh_2_1000m_local_density_subsets.Rds,Woody Cover Trend
tree_cover_1000m_coef_unfenced,fenced == 'unfenced',2,150,mesh_3,23258,TRUE,5,tree_cover_1000m_coef,-99386.310664841,117428,-0.920175456122148,cv_tree_cover_1000m_coef_unfenced_mesh_3_1000m_local_density_subsets,builds/cv_subset_models/cv_tree_cover_1000m_coef_unfenced_mesh_3_1000m_local_density_subsets.Rds,Woody Cover Trend
tree_cover_1000m_coef_unfenced,fenced == 'unfenced',4,50,mesh_4,10301,TRUE,5,tree_cover_1000m_coef,-114648.367188568,117428,-1.06148032727731,cv_tree_cover_1000m_coef_unfenced_mesh_4_1000m_local_density_subsets,builds/cv_subset_models/cv_tree_cover_1000m_coef_unfenced_mesh_4_1000m_local_density_subsets.Rds,Woody Cover Trend
tree_cover_1000m_coef_unfenced,fenced == 'unfenced',4,100,mesh_5,9001,TRUE,5,tree_cover_1000m_coef,-114475.283259679,117428,-1.05987781701058,cv_tree_cover_1000m_coef_unfenced_mesh_5_1000m_local_density_subsets,builds/cv_subset_models/cv_tree_cover_1000m_coef_unfenced_mesh_5_1000m_local_density_subsets.Rds,Woody Cover Trend
tree_cover_1000m_coef_unfenced,fenced == 'unfenced',4,150,mesh_6,8792,TRUE,5,tree_cover_1000m_coef,-114433.70952257,117428,-1.05949290351243,cv_tree_cover_1000m_coef_unfenced_mesh_6_1000m_local_density_subsets,builds/cv_subset_models/cv_tree_cover_1000m_coef_unfenced_mesh_6_1000m_local_density_subsets.Rds,Woody Cover Trend
tree_cover_1000m_coef_unfenced,fenced == 'unfenced',8,50,mesh_7,4469,TRUE,5,tree_cover_1000m_coef,-130547.58903586,117428,-1.20868444037349,cv_tree_cover_1000m_coef_unfenced_mesh_7_1000m_local_density_subsets,builds/cv_subset_models/cv_tree_cover_1000m_coef_unfenced_mesh_7_1000m_local_density_subsets.Rds,Woody Cover Trend
tree_cover_1000m_coef_unfenced,fenced == 'unfenced',8,100,mesh_8,3139,TRUE,5,tree_cover_1000m_coef,-130458.57082601,117428,-1.20786025874019,cv_tree_cover_1000m_coef_unfenced_mesh_8_1000m_local_density_subsets,builds/cv_subset_models/cv_tree_cover_1000m_coef_unfenced_mesh_8_1000m_local_density_subsets.Rds,Woody Cover Trend
tree_cover_1000m_coef_unfenced,fenced == 'unfenced',8,150,mesh_9,2929,TRUE,5,tree_cover_1000m_coef,-130496.416351046,117428,-1.20821065431307,cv_tree_cover_1000m_coef_unfenced_mesh_9_1000m_local_density_subsets,builds/cv_subset_models/cv_tree_cover_1000m_coef_unfenced_mesh_9_1000m_local_density_subsets.Rds,Woody Cover Trend
tree_cover_1000m_coef_unfenced,fenced == 'unfenced',16,50,mesh_10,2706,TRUE,5,tree_cover_1000m_coef,-141731.525142531,117428,-1.31223173415424,cv_tree_cover_1000m_coef_unfenced_mesh_10_1000m_local_density_subsets,builds/cv_subset_models/cv_tree_cover_1000m_coef_unfenced_mesh_10_1000m_local_density_subsets.Rds,Woody Cover Trend
tree_cover_1000m_coef_unfenced,fenced == 'unfenced',16,100,mesh_11,1323,TRUE,5,tree_cover_1000m_coef,-141745.739933627,117428,-1.31236334284152,cv_tree_cover_1000m_coef_unfenced_mesh_11_1000m_local_density_subsets,builds/cv_subset_models/cv_tree_cover_1000m_coef_unfenced_mesh_11_1000m_local_density_subsets.Rds,Woody Cover Trend
tree_cover_1000m_coef_unfenced,fenced == 'unfenced',16,150,mesh_12,1082,TRUE,5,tree_cover_1000m_coef,-141750.834508191,117428,-1.31241051133426,cv_tree_cover_1000m_coef_unfenced_mesh_12_1000m_local_density_subsets,builds/cv_subset_models/cv_tree_cover_1000m_coef_unfenced_mesh_12_1000m_local_density_subsets.Rds,Woody Cover Trend
tree_cover_1000m_coef_unfenced,fenced == 'unfenced',32,100,mesh_14,769,FALSE,4,tree_cover_1000m_coef,-151689.004449474,117428,-1.40442378758494,cv_tree_cover_1000m_coef_unfenced_mesh_14_1000m_local_density_subsets,builds/cv_subset_models/cv_tree_cover_1000m_coef_unfenced_mesh_14_1000m_local_density_subsets.Rds,Woody Cover Trend
tree_cover_1000m_coef_unfenced,fenced == 'unfenced',32,150,mesh_15,496,TRUE,5,tree_cover_1000m_coef,-151796.236179442,117428,-1.40541660043184,cv_tree_cover_1000m_coef_unfenced_mesh_15_1000m_local_density_subsets,builds/cv_subset_models/cv_tree_cover_1000m_coef_unfenced_mesh_15_1000m_local_density_subsets.Rds,Woody Cover Trend
evi_900m_coef_unfenced,fenced == 'unfenced',2,50,mesh_1,24749,TRUE,5,evi_900m_coef,174759.655221937,117428,1.61802510204741,cv_evi_900m_coef_unfenced_mesh_1_1000m_local_density_subsets,builds/cv_subset_models/cv_evi_900m_coef_unfenced_mesh_1_1000m_local_density_subsets.Rds,EVI Trend
evi_900m_coef_unfenced,fenced == 'unfenced',2,100,mesh_2,23487,TRUE,5,evi_900m_coef,174818.150705928,117428,1.61856668678179,cv_evi_900m_coef_unfenced_mesh_2_1000m_local_density_subsets,builds/cv_subset_models/cv_evi_900m_coef_unfenced_mesh_2_1000m_local_density_subsets.Rds,EVI Trend
evi_900m_coef_unfenced,fenced == 'unfenced',2,150,mesh_3,23258,TRUE,5,evi_900m_coef,175128.959687801,117428,1.62144433456596,cv_evi_900m_coef_unfenced_mesh_3_1000m_local_density_subsets,builds/cv_subset_models/cv_evi_900m_coef_unfenced_mesh_3_1000m_local_density_subsets.Rds,EVI Trend
evi_900m_coef_unfenced,fenced == 'unfenced',4,50,mesh_4,10301,TRUE,5,evi_900m_coef,157283.070792569,117428,1.45621686164515,cv_evi_900m_coef_unfenced_mesh_4_1000m_local_density_subsets,builds/cv_subset_models/cv_evi_900m_coef_unfenced_mesh_4_1000m_local_density_subsets.Rds,EVI Trend
evi_900m_coef_unfenced,fenced == 'unfenced',4,100,mesh_5,9001,TRUE,5,evi_900m_coef,157252.20567057,117428,1.45593109464642,cv_evi_900m_coef_unfenced_mesh_5_1000m_local_density_subsets,builds/cv_subset_models/cv_evi_900m_coef_unfenced_mesh_5_1000m_local_density_subsets.Rds,EVI Trend
evi_900m_coef_unfenced,fenced == 'unfenced',4,150,mesh_6,8792,TRUE,5,evi_900m_coef,157267.916479612,117428,1.45607655432571,cv_evi_900m_coef_unfenced_mesh_6_1000m_local_density_subsets,builds/cv_subset_models/cv_evi_900m_coef_unfenced_mesh_6_1000m_local_density_subsets.Rds,EVI Trend
evi_900m_coef_unfenced,fenced == 'unfenced',8,50,mesh_7,4469,TRUE,5,evi_900m_coef,137337.862310554,117428,1.27155268415815,cv_evi_900m_coef_unfenced_mesh_7_1000m_local_density_subsets,builds/cv_subset_models/cv_evi_900m_coef_unfenced_mesh_7_1000m_local_density_subsets.Rds,EVI Trend
evi_900m_coef_unfenced,fenced == 'unfenced',8,100,mesh_8,3139,TRUE,5,evi_900m_coef,137343.102613165,117428,1.27160120188472,cv_evi_900m_coef_unfenced_mesh_8_1000m_local_density_subsets,builds/cv_subset_models/cv_evi_900m_coef_unfenced_mesh_8_1000m_local_density_subsets.Rds,EVI Trend
evi_900m_coef_unfenced,fenced == 'unfenced',8,150,mesh_9,2929,TRUE,5,evi_900m_coef,137275.930186959,117428,1.27097928104362,cv_evi_900m_coef_unfenced_mesh_9_1000m_local_density_subsets,builds/cv_subset_models/cv_evi_900m_coef_unfenced_mesh_9_1000m_local_density_subsets.Rds,EVI Trend
evi_900m_coef_unfenced,fenced == 'unfenced',16,50,mesh_10,2706,TRUE,5,evi_900m_coef,122140.478152694,117428,1.13084658685184,cv_evi_900m_coef_unfenced_mesh_10_1000m_local_density_subsets,builds/cv_subset_models/cv_evi_900m_coef_unfenced_mesh_10_1000m_local_density_subsets.Rds,EVI Trend
evi_900m_coef_unfenced,fenced == 'unfenced',16,100,mesh_11,1323,FALSE,3,evi_900m_coef,122032.371119979,117428,1.12984566995018,cv_evi_900m_coef_unfenced_mesh_11_1000m_local_density_subsets,builds/cv_subset_models/cv_evi_900m_coef_unfenced_mesh_11_1000m_local_density_subsets.Rds,EVI Trend
evi_900m_coef_unfenced,fenced == 'unfenced',16,150,mesh_12,1082,FALSE,4,evi_900m_coef,121884.20960775,117428,1.12847390570837,cv_evi_900m_coef_unfenced_mesh_12_1000m_local_density_subsets,builds/cv_subset_models/cv_evi_900m_coef_unfenced_mesh_12_1000m_local_density_subsets.Rds,EVI Trend
evi_900m_coef_unfenced,fenced == 'unfenced',32,50,mesh_13,1521,TRUE,5,evi_900m_coef,112326.89690767,117428,1.03998682419515,cv_evi_900m_coef_unfenced_mesh_13_1000m_local_density_subsets,builds/cv_subset_models/cv_evi_900m_coef_unfenced_mesh_13_1000m_local_density_subsets.Rds,EVI Trend
evi_900m_coef_unfenced,fenced == 'unfenced',32,100,mesh_14,769,TRUE,5,evi_900m_coef,111849.798104985,117428,1.03556956989283,cv_evi_900m_coef_unfenced_mesh_14_1000m_local_density_subsets,builds/cv_subset_models/cv_evi_900m_coef_unfenced_mesh_14_1000m_local_density_subsets.Rds,EVI Trend
evi_900m_coef_unfenced,fenced == 'unfenced',32,150,mesh_15,496,FALSE,4,evi_900m_coef,111594.931146473,117428,1.03320986544027,cv_evi_900m_coef_unfenced_mesh_15_1000m_local_density_subsets,builds/cv_subset_models/cv_evi_900m_coef_unfenced_mesh_15_1000m_local_density_subsets.Rds,EVI Trend
canopy_height_900m_coef_unfenced,fenced == 'unfenced',2,50,mesh_1,24749,TRUE,5,canopy_height_900m_coef,382594.489037968,117428,3.54227917411644,cv_canopy_height_900m_coef_unfenced_mesh_1_1000m_local_density_subsets,builds/cv_subset_models/cv_canopy_height_900m_coef_unfenced_mesh_1_1000m_local_density_subsets.Rds,Canopy Height Trend
canopy_height_900m_coef_unfenced,fenced == 'unfenced',2,100,mesh_2,23487,TRUE,5,canopy_height_900m_coef,382721.87824548,117428,3.54345861644953,cv_canopy_height_900m_coef_unfenced_mesh_2_1000m_local_density_subsets,builds/cv_subset_models/cv_canopy_height_900m_coef_unfenced_mesh_2_1000m_local_density_subsets.Rds,Canopy Height Trend
canopy_height_900m_coef_unfenced,fenced == 'unfenced',2,150,mesh_3,23258,TRUE,5,canopy_height_900m_coef,382575.019464006,117428,3.54209891363609,cv_canopy_height_900m_coef_unfenced_mesh_3_1000m_local_density_subsets,builds/cv_subset_models/cv_canopy_height_900m_coef_unfenced_mesh_3_1000m_local_density_subsets.Rds,Canopy Height Trend
canopy_height_900m_coef_unfenced,fenced == 'unfenced',4,50,mesh_4,10301,TRUE,5,canopy_height_900m_coef,366653.479421124,117428,3.39468816588701,cv_canopy_height_900m_coef_unfenced_mesh_4_1000m_local_density_subsets,builds/cv_subset_models/cv_canopy_height_900m_coef_unfenced_mesh_4_1000m_local_density_subsets.Rds,Canopy Height Trend
canopy_height_900m_coef_unfenced,fenced == 'unfenced',4,100,mesh_5,9001,TRUE,5,canopy_height_900m_coef,366453.598772756,117428,3.39283755622506,cv_canopy_height_900m_coef_unfenced_mesh_5_1000m_local_density_subsets,builds/cv_subset_models/cv_canopy_height_900m_coef_unfenced_mesh_5_1000m_local_density_subsets.Rds,Canopy Height Trend
canopy_height_900m_coef_unfenced,fenced == 'unfenced',4,150,mesh_6,8792,TRUE,5,canopy_height_900m_coef,366365.768633388,117428,3.39202437442956,cv_canopy_height_900m_coef_unfenced_mesh_6_1000m_local_density_subsets,builds/cv_subset_models/cv_canopy_height_900m_coef_unfenced_mesh_6_1000m_local_density_subsets.Rds,Canopy Height Trend
canopy_height_900m_coef_unfenced,fenced == 'unfenced',8,50,mesh_7,4469,TRUE,5,canopy_height_900m_coef,348898.167629866,117428,3.23029930773523,cv_canopy_height_900m_coef_unfenced_mesh_7_1000m_local_density_subsets,builds/cv_subset_models/cv_canopy_height_900m_coef_unfenced_mesh_7_1000m_local_density_subsets.Rds,Canopy Height Trend
canopy_height_900m_coef_unfenced,fenced == 'unfenced',8,100,mesh_8,3139,TRUE,5,canopy_height_900m_coef,348919.947462445,117428,3.23050095791464,cv_canopy_height_900m_coef_unfenced_mesh_8_1000m_local_density_subsets,builds/cv_subset_models/cv_canopy_height_900m_coef_unfenced_mesh_8_1000m_local_density_subsets.Rds,Canopy Height Trend
canopy_height_900m_coef_unfenced,fenced == 'unfenced',8,150,mesh_9,2929,TRUE,5,canopy_height_900m_coef,348891.971372187,117428,3.23024193922845,cv_canopy_height_900m_coef_unfenced_mesh_9_1000m_local_density_subsets,builds/cv_subset_models/cv_canopy_height_900m_coef_unfenced_mesh_9_1000m_local_density_subsets.Rds,Canopy Height Trend
canopy_height_900m_coef_unfenced,fenced == 'unfenced',16,50,mesh_10,2706,TRUE,5,canopy_height_900m_coef,336310.228949865,117428,3.11375295302075,cv_canopy_height_900m_coef_unfenced_mesh_10_1000m_local_density_subsets,builds/cv_subset_models/cv_canopy_height_900m_coef_unfenced_mesh_10_1000m_local_density_subsets.Rds,Canopy Height Trend
canopy_height_900m_coef_unfenced,fenced == 'unfenced',16,150,mesh_12,1082,FALSE,2,canopy_height_900m_coef,336275.407730976,117428,3.11343055820843,cv_canopy_height_900m_coef_unfenced_mesh_12_1000m_local_density_subsets,builds/cv_subset_models/cv_canopy_height_900m_coef_unfenced_mesh_12_1000m_local_density_subsets.Rds,Canopy Height Trend
canopy_height_900m_coef_unfenced,fenced == 'unfenced',32,50,mesh_13,1521,TRUE,5,canopy_height_900m_coef,326856.17220184,117428,3.02622187432264,cv_canopy_height_900m_coef_unfenced_mesh_13_1000m_local_density_subsets,builds/cv_subset_models/cv_canopy_height_900m_coef_unfenced_mesh_13_1000m_local_density_subsets.Rds,Canopy Height Trend
canopy_height_900m_coef_unfenced,fenced == 'unfenced',32,100,mesh_14,769,FALSE,4,canopy_height_900m_coef,326517.765494304,117428,3.02308871096867,cv_canopy_height_900m_coef_unfenced_mesh_14_1000m_local_density_subsets,builds/cv_subset_models/cv_canopy_height_900m_coef_unfenced_mesh_14_1000m_local_density_subsets.Rds,Canopy Height Trend
tree_cover_1000m_coef_mq,tree_cover_q == 'mq',16,50,mesh_10,3572,FALSE,4,tree_cover_1000m_coef,-50217.0642664171,117428,-1.2958907967902,cv_tree_cover_1000m_coef_mq_mesh_10_1000m_local_density_subsets,builds/cv_subset_models/cv_tree_cover_1000m_coef_mq_mesh_10_1000m_local_density_subsets.Rds,Woody Cover Trend
evi_900m_coef_mq,evi_q == 'mq',2,50,mesh_1,16811,TRUE,5,evi_900m_coef,64391.779642874,117428,1.66168046354608,cv_evi_900m_coef_mq_mesh_1_1000m_local_density_subsets,builds/cv_subset_models/cv_evi_900m_coef_mq_mesh_1_1000m_local_density_subsets.Rds,EVI Trend
evi_900m_coef_mq,evi_q == 'mq',2,100,mesh_2,14966,TRUE,5,evi_900m_coef,64151.3859440539,117428,1.655476915281,cv_evi_900m_coef_mq_mesh_2_1000m_local_density_subsets,builds/cv_subset_models/cv_evi_900m_coef_mq_mesh_2_1000m_local_density_subsets.Rds,EVI Trend
evi_900m_coef_mq,evi_q == 'mq',2,150,mesh_3,14642,TRUE,5,evi_900m_coef,64020.1116851522,117428,1.65208927989348,cv_evi_900m_coef_mq_mesh_3_1000m_local_density_subsets,builds/cv_subset_models/cv_evi_900m_coef_mq_mesh_3_1000m_local_density_subsets.Rds,EVI Trend
evi_900m_coef_mq,evi_q == 'mq',4,50,mesh_4,8764,TRUE,5,evi_900m_coef,60715.0194281157,117428,1.56679877753131,cv_evi_900m_coef_mq_mesh_4_1000m_local_density_subsets,builds/cv_subset_models/cv_evi_900m_coef_mq_mesh_4_1000m_local_density_subsets.Rds,EVI Trend
evi_900m_coef_mq,evi_q == 'mq',4,100,mesh_5,6839,TRUE,5,evi_900m_coef,60986.2405834748,117428,1.57379785253219,cv_evi_900m_coef_mq_mesh_5_1000m_local_density_subsets,builds/cv_subset_models/cv_evi_900m_coef_mq_mesh_5_1000m_local_density_subsets.Rds,EVI Trend
evi_900m_coef_mq,evi_q == 'mq',4,150,mesh_6,6521,TRUE,5,evi_900m_coef,60905.5031967568,117428,1.57171436083603,cv_evi_900m_coef_mq_mesh_6_1000m_local_density_subsets,builds/cv_subset_models/cv_evi_900m_coef_mq_mesh_6_1000m_local_density_subsets.Rds,EVI Trend
evi_900m_coef_mq,evi_q == 'mq',8,50,mesh_7,4931,TRUE,5,evi_900m_coef,55408.8212797359,117428,1.42986816545988,cv_evi_900m_coef_mq_mesh_7_1000m_local_density_subsets,builds/cv_subset_models/cv_evi_900m_coef_mq_mesh_7_1000m_local_density_subsets.Rds,EVI Trend
evi_900m_coef_mq,evi_q == 'mq',8,100,mesh_8,2980,TRUE,5,evi_900m_coef,55413.4446482027,117428,1.42998747511555,cv_evi_900m_coef_mq_mesh_8_1000m_local_density_subsets,builds/cv_subset_models/cv_evi_900m_coef_mq_mesh_8_1000m_local_density_subsets.Rds,EVI Trend
evi_900m_coef_mq,evi_q == 'mq',8,150,mesh_9,2652,TRUE,5,evi_900m_coef,55566.9306815853,117428,1.43394830279439,cv_evi_900m_coef_mq_mesh_9_1000m_local_density_subsets,builds/cv_subset_models/cv_evi_900m_coef_mq_mesh_9_1000m_local_density_subsets.Rds,EVI Trend
evi_900m_coef_mq,evi_q == 'mq',16,100,mesh_11,1506,TRUE,5,evi_900m_coef,50273.0349717972,117428,1.29733516481632,cv_evi_900m_coef_mq_mesh_11_1000m_local_density_subsets,builds/cv_subset_models/cv_evi_900m_coef_mq_mesh_11_1000m_local_density_subsets.Rds,EVI Trend
evi_900m_coef_mq,evi_q == 'mq',16,150,mesh_12,1152,FALSE,4,evi_900m_coef,50256.8756078505,117428,1.29691815973396,cv_evi_900m_coef_mq_mesh_12_1000m_local_density_subsets,builds/cv_subset_models/cv_evi_900m_coef_mq_mesh_12_1000m_local_density_subsets.Rds,EVI Trend
evi_900m_coef_mq,evi_q == 'mq',32,100,mesh_14,983,TRUE,5,evi_900m_coef,46381.033304157,117428,1.19689900400395,cv_evi_900m_coef_mq_mesh_14_1000m_local_density_subsets,builds/cv_subset_models/cv_evi_900m_coef_mq_mesh_14_1000m_local_density_subsets.Rds,EVI Trend
canopy_height_900m_coef_mq,canopy_height_q == 'mq',2,50,mesh_1,15956,TRUE,5,canopy_height_900m_coef,137291.292409818,117428,3.54290966452008,cv_canopy_height_900m_coef_mq_mesh_1_1000m_local_density_subsets,builds/cv_subset_models/cv_canopy_height_900m_coef_mq_mesh_1_1000m_local_density_subsets.Rds,Canopy Height Trend
canopy_height_900m_coef_mq,canopy_height_q == 'mq',2,100,mesh_2,14031,TRUE,5,canopy_height_900m_coef,137227.854883447,117428,3.54127260931194,cv_canopy_height_900m_coef_mq_mesh_2_1000m_local_density_subsets,builds/cv_subset_models/cv_canopy_height_900m_coef_mq_mesh_2_1000m_local_density_subsets.Rds,Canopy Height Trend
canopy_height_900m_coef_mq,canopy_height_q == 'mq',2,150,mesh_3,13689,TRUE,5,canopy_height_900m_coef,137124.293668629,117428,3.53860013079994,cv_canopy_height_900m_coef_mq_mesh_3_1000m_local_density_subsets,builds/cv_subset_models/cv_canopy_height_900m_coef_mq_mesh_3_1000m_local_density_subsets.Rds,Canopy Height Trend
canopy_height_900m_coef_mq,canopy_height_q == 'mq',4,50,mesh_4,8221,TRUE,5,canopy_height_900m_coef,133471.228560802,117428,3.44432991563579,cv_canopy_height_900m_coef_mq_mesh_4_1000m_local_density_subsets,builds/cv_subset_models/cv_canopy_height_900m_coef_mq_mesh_4_1000m_local_density_subsets.Rds,Canopy Height Trend
canopy_height_900m_coef_mq,canopy_height_q == 'mq',4,100,mesh_5,6274,TRUE,5,canopy_height_900m_coef,133423.18196405,117428,3.44309003545845,cv_canopy_height_900m_coef_mq_mesh_5_1000m_local_density_subsets,builds/cv_subset_models/cv_canopy_height_900m_coef_mq_mesh_5_1000m_local_density_subsets.Rds,Canopy Height Trend
canopy_height_900m_coef_mq,canopy_height_q == 'mq',4,150,mesh_6,5928,TRUE,5,canopy_height_900m_coef,133574.183573687,117428,3.44698675063061,cv_canopy_height_900m_coef_mq_mesh_6_1000m_local_density_subsets,builds/cv_subset_models/cv_canopy_height_900m_coef_mq_mesh_6_1000m_local_density_subsets.Rds,Canopy Height Trend
canopy_height_900m_coef_mq,canopy_height_q == 'mq',8,50,mesh_7,4819,TRUE,5,canopy_height_900m_coef,128511.274690778,117428,3.31633440919662,cv_canopy_height_900m_coef_mq_mesh_7_1000m_local_density_subsets,builds/cv_subset_models/cv_canopy_height_900m_coef_mq_mesh_7_1000m_local_density_subsets.Rds,Canopy Height Trend
canopy_height_900m_coef_mq,canopy_height_q == 'mq',8,100,mesh_8,2804,TRUE,5,canopy_height_900m_coef,128617.193743793,117428,3.31906773357572,cv_canopy_height_900m_coef_mq_mesh_8_1000m_local_density_subsets,builds/cv_subset_models/cv_canopy_height_900m_coef_mq_mesh_8_1000m_local_density_subsets.Rds,Canopy Height Trend
canopy_height_900m_coef_mq,canopy_height_q == 'mq',8,150,mesh_9,2465,TRUE,5,canopy_height_900m_coef,128566.78261639,117428,3.31776683482724,cv_canopy_height_900m_coef_mq_mesh_9_1000m_local_density_subsets,builds/cv_subset_models/cv_canopy_height_900m_coef_mq_mesh_9_1000m_local_density_subsets.Rds,Canopy Height Trend
canopy_height_900m_coef_mq,canopy_height_q == 'mq',16,100,mesh_11,1436,TRUE,5,canopy_height_900m_coef,123390.193086635,117428,3.18418087498736,cv_canopy_height_900m_coef_mq_mesh_11_1000m_local_density_subsets,builds/cv_subset_models/cv_canopy_height_900m_coef_mq_mesh_11_1000m_local_density_subsets.Rds,Canopy Height Trend
canopy_height_900m_coef_mq,canopy_height_q == 'mq',32,50,mesh_13,2072,FALSE,4,canopy_height_900m_coef,120379.090131346,117428,3.10647699753157,cv_canopy_height_900m_coef_mq_mesh_13_1000m_local_density_subsets,builds/cv_subset_models/cv_canopy_height_900m_coef_mq_mesh_13_1000m_local_density_subsets.Rds,Canopy Height Trend
canopy_height_900m_coef_mq,canopy_height_q == 'mq',32,100,mesh_14,988,FALSE,2,canopy_height_900m_coef,119873.19622292,117428,3.09342200776549,cv_canopy_height_900m_coef_mq_mesh_14_1000m_local_density_subsets,builds/cv_subset_models/cv_canopy_height_900m_coef_mq_mesh_14_1000m_local_density_subsets.Rds,Canopy Height Trend
tree_cover_1000m_coef_lq,tree_cover_q == 'lq',2,50,mesh_1,15841,TRUE,5,tree_cover_1000m_coef,-30974.0608142462,117428,-0.799309974303792,cv_tree_cover_1000m_coef_lq_mesh_1_1000m_local_density_subsets,builds/cv_subset_models/cv_tree_cover_1000m_coef_lq_mesh_1_1000m_local_density_subsets.Rds,Woody Cover Trend
tree_cover_1000m_coef_lq,tree_cover_q == 'lq',2,100,mesh_2,13975,TRUE,5,tree_cover_1000m_coef,-30637.3568549618,117428,-0.790621064100584,cv_tree_cover_1000m_coef_lq_mesh_2_1000m_local_density_subsets,builds/cv_subset_models/cv_tree_cover_1000m_coef_lq_mesh_2_1000m_local_density_subsets.Rds,Woody Cover Trend
tree_cover_1000m_coef_lq,tree_cover_q == 'lq',2,150,mesh_3,13664,TRUE,5,tree_cover_1000m_coef,-30998.0710282766,117428,-0.799929576740641,cv_tree_cover_1000m_coef_lq_mesh_3_1000m_local_density_subsets,builds/cv_subset_models/cv_tree_cover_1000m_coef_lq_mesh_3_1000m_local_density_subsets.Rds,Woody Cover Trend
tree_cover_1000m_coef_lq,tree_cover_q == 'lq',4,50,mesh_4,8252,FALSE,4,tree_cover_1000m_coef,-34337.7902829627,117428,-0.886113655982109,cv_tree_cover_1000m_coef_lq_mesh_4_1000m_local_density_subsets,builds/cv_subset_models/cv_tree_cover_1000m_coef_lq_mesh_4_1000m_local_density_subsets.Rds,Woody Cover Trend
tree_cover_1000m_coef_lq,tree_cover_q == 'lq',4,100,mesh_5,6365,TRUE,5,tree_cover_1000m_coef,-34312.5344207915,117428,-0.885461908616333,cv_tree_cover_1000m_coef_lq_mesh_5_1000m_local_density_subsets,builds/cv_subset_models/cv_tree_cover_1000m_coef_lq_mesh_5_1000m_local_density_subsets.Rds,Woody Cover Trend
tree_cover_1000m_coef_lq,tree_cover_q == 'lq',4,150,mesh_6,6068,TRUE,5,tree_cover_1000m_coef,-34487.7751316499,117428,-0.889984132839149,cv_tree_cover_1000m_coef_lq_mesh_6_1000m_local_density_subsets,builds/cv_subset_models/cv_tree_cover_1000m_coef_lq_mesh_6_1000m_local_density_subsets.Rds,Woody Cover Trend
tree_cover_1000m_coef_lq,tree_cover_q == 'lq',8,50,mesh_7,4825,TRUE,5,tree_cover_1000m_coef,-38877.9913084096,117428,-1.00327711048514,cv_tree_cover_1000m_coef_lq_mesh_7_1000m_local_density_subsets,builds/cv_subset_models/cv_tree_cover_1000m_coef_lq_mesh_7_1000m_local_density_subsets.Rds,Woody Cover Trend
tree_cover_1000m_coef_lq,tree_cover_q == 'lq',8,100,mesh_8,2889,TRUE,5,tree_cover_1000m_coef,-38852.2851246302,117428,-1.00261374221647,cv_tree_cover_1000m_coef_lq_mesh_8_1000m_local_density_subsets,builds/cv_subset_models/cv_tree_cover_1000m_coef_lq_mesh_8_1000m_local_density_subsets.Rds,Woody Cover Trend
tree_cover_1000m_coef_lq,tree_cover_q == 'lq',8,150,mesh_9,2574,TRUE,5,tree_cover_1000m_coef,-38911.175130292,117428,-1.00413344507992,cv_tree_cover_1000m_coef_lq_mesh_9_1000m_local_density_subsets,builds/cv_subset_models/cv_tree_cover_1000m_coef_lq_mesh_9_1000m_local_density_subsets.Rds,Woody Cover Trend
tree_cover_1000m_coef_lq,tree_cover_q == 'lq',16,150,mesh_12,1149,TRUE,5,tree_cover_1000m_coef,-42629.0156418837,117428,-1.1000752404295,cv_tree_cover_1000m_coef_lq_mesh_12_1000m_local_density_subsets,builds/cv_subset_models/cv_tree_cover_1000m_coef_lq_mesh_12_1000m_local_density_subsets.Rds,Woody Cover Trend
tree_cover_1000m_coef_lq,tree_cover_q == 'lq',32,100,mesh_14,1007,TRUE,5,tree_cover_1000m_coef,-45871.746357094,117428,-1.18375645421006,cv_tree_cover_1000m_coef_lq_mesh_14_1000m_local_density_subsets,builds/cv_subset_models/cv_tree_cover_1000m_coef_lq_mesh_14_1000m_local_density_subsets.Rds,Woody Cover Trend
tree_cover_1000m_coef_lq,tree_cover_q == 'lq',32,150,mesh_15,609,TRUE,5,tree_cover_1000m_coef,-45908.3807196774,117428,-1.18470183271857,cv_tree_cover_1000m_coef_lq_mesh_15_1000m_local_density_subsets,builds/cv_subset_models/cv_tree_cover_1000m_coef_lq_mesh_15_1000m_local_density_subsets.Rds,Woody Cover Trend
evi_900m_coef_lq,evi_q == 'lq',2,50,mesh_1,15447,TRUE,5,evi_900m_coef,62489.3643375811,117428,1.61258714194682,cv_evi_900m_coef_lq_mesh_1_1000m_local_density_subsets,builds/cv_subset_models/cv_evi_900m_coef_lq_mesh_1_1000m_local_density_subsets.Rds,EVI Trend
evi_900m_coef_lq,evi_q == 'lq',2,100,mesh_2,13556,TRUE,5,evi_900m_coef,62538.9131023302,117428,1.61386578674951,cv_evi_900m_coef_lq_mesh_2_1000m_local_density_subsets,builds/cv_subset_models/cv_evi_900m_coef_lq_mesh_2_1000m_local_density_subsets.Rds,EVI Trend
evi_900m_coef_lq,evi_q == 'lq',2,150,mesh_3,13278,FALSE,4,evi_900m_coef,62634.0665109473,117428,1.61632129521683,cv_evi_900m_coef_lq_mesh_3_1000m_local_density_subsets,builds/cv_subset_models/cv_evi_900m_coef_lq_mesh_3_1000m_local_density_subsets.Rds,EVI Trend
evi_900m_coef_lq,evi_q == 'lq',4,50,mesh_4,8211,TRUE,5,evi_900m_coef,58242.7440836109,117428,1.50299976990557,cv_evi_900m_coef_lq_mesh_4_1000m_local_density_subsets,builds/cv_subset_models/cv_evi_900m_coef_lq_mesh_4_1000m_local_density_subsets.Rds,EVI Trend
evi_900m_coef_lq,evi_q == 'lq',4,100,mesh_5,6276,TRUE,5,evi_900m_coef,58176.4610003493,117428,1.50128928286623,cv_evi_900m_coef_lq_mesh_5_1000m_local_density_subsets,builds/cv_subset_models/cv_evi_900m_coef_lq_mesh_5_1000m_local_density_subsets.Rds,EVI Trend
evi_900m_coef_lq,evi_q == 'lq',4,150,mesh_6,5948,FALSE,4,evi_900m_coef,58224.2451827888,117428,1.50252239123607,cv_evi_900m_coef_lq_mesh_6_1000m_local_density_subsets,builds/cv_subset_models/cv_evi_900m_coef_lq_mesh_6_1000m_local_density_subsets.Rds,EVI Trend
evi_900m_coef_lq,evi_q == 'lq',8,50,mesh_7,4777,FALSE,4,evi_900m_coef,53164.8676445341,117428,1.37196117892529,cv_evi_900m_coef_lq_mesh_7_1000m_local_density_subsets,builds/cv_subset_models/cv_evi_900m_coef_lq_mesh_7_1000m_local_density_subsets.Rds,EVI Trend
evi_900m_coef_lq,evi_q == 'lq',8,100,mesh_8,2802,TRUE,5,evi_900m_coef,53142.9186754091,117428,1.37139476853266,cv_evi_900m_coef_lq_mesh_8_1000m_local_density_subsets,builds/cv_subset_models/cv_evi_900m_coef_lq_mesh_8_1000m_local_density_subsets.Rds,EVI Trend
evi_900m_coef_lq,evi_q == 'lq',16,50,mesh_10,3576,TRUE,5,evi_900m_coef,48170.7180815232,117428,1.24308322576251,cv_evi_900m_coef_lq_mesh_10_1000m_local_density_subsets,builds/cv_subset_models/cv_evi_900m_coef_lq_mesh_10_1000m_local_density_subsets.Rds,EVI Trend
evi_900m_coef_lq,evi_q == 'lq',16,100,mesh_11,1465,TRUE,5,evi_900m_coef,48057.660961094,117428,1.2401656979457,cv_evi_900m_coef_lq_mesh_11_1000m_local_density_subsets,builds/cv_subset_models/cv_evi_900m_coef_lq_mesh_11_1000m_local_density_subsets.Rds,EVI Trend
evi_900m_coef_lq,evi_q == 'lq',16,150,mesh_12,1125,FALSE,3,evi_900m_coef,48076.9420534596,117428,1.24066326168253,cv_evi_900m_coef_lq_mesh_12_1000m_local_density_subsets,builds/cv_subset_models/cv_evi_900m_coef_lq_mesh_12_1000m_local_density_subsets.Rds,EVI Trend
evi_900m_coef_lq,evi_q == 'lq',32,50,mesh_13,2108,FALSE,3,evi_900m_coef,44899.0112652521,117428,1.1586542609288,cv_evi_900m_coef_lq_mesh_13_1000m_local_density_subsets,builds/cv_subset_models/cv_evi_900m_coef_lq_mesh_13_1000m_local_density_subsets.Rds,EVI Trend
evi_900m_coef_lq,evi_q == 'lq',32,100,mesh_14,1005,TRUE,5,evi_900m_coef,44554.4546682006,117428,1.14976270723854,cv_evi_900m_coef_lq_mesh_14_1000m_local_density_subsets,builds/cv_subset_models/cv_evi_900m_coef_lq_mesh_14_1000m_local_density_subsets.Rds,EVI Trend
evi_900m_coef_lq,evi_q == 'lq',32,150,mesh_15,608,TRUE,5,evi_900m_coef,44556.3784144434,117428,1.14981235102174,cv_evi_900m_coef_lq_mesh_15_1000m_local_density_subsets,builds/cv_subset_models/cv_evi_900m_coef_lq_mesh_15_1000m_local_density_subsets.Rds,EVI Trend
canopy_height_900m_coef_lq,canopy_height_q == 'lq',2,50,mesh_1,16120,TRUE,5,canopy_height_900m_coef,151058.305499892,117428,3.89817825346163,cv_canopy_height_900m_coef_lq_mesh_1_1000m_local_density_subsets,builds/cv_subset_models/cv_canopy_height_900m_coef_lq_mesh_1_1000m_local_density_subsets.Rds,Canopy Height Trend
canopy_height_900m_coef_lq,canopy_height_q == 'lq',2,100,mesh_2,14248,TRUE,5,canopy_height_900m_coef,150863.423000985,117428,3.8931491574665,cv_canopy_height_900m_coef_lq_mesh_2_1000m_local_density_subsets,builds/cv_subset_models/cv_canopy_height_900m_coef_lq_mesh_2_1000m_local_density_subsets.Rds,Canopy Height Trend
canopy_height_900m_coef_lq,canopy_height_q == 'lq',2,150,mesh_3,13926,TRUE,5,canopy_height_900m_coef,150833.765002126,117428,3.89238380950495,cv_canopy_height_900m_coef_lq_mesh_3_1000m_local_density_subsets,builds/cv_subset_models/cv_canopy_height_900m_coef_lq_mesh_3_1000m_local_density_subsets.Rds,Canopy Height Trend
canopy_height_900m_coef_lq,canopy_height_q == 'lq',4,50,mesh_4,8424,FALSE,3,canopy_height_900m_coef,147878.417373274,117428,3.81611874205245,cv_canopy_height_900m_coef_lq_mesh_4_1000m_local_density_subsets,builds/cv_subset_models/cv_canopy_height_900m_coef_lq_mesh_4_1000m_local_density_subsets.Rds,Canopy Height Trend
canopy_height_900m_coef_lq,canopy_height_q == 'lq',4,100,mesh_5,6553,TRUE,5,canopy_height_900m_coef,147932.333970699,117428,3.81751010220894,cv_canopy_height_900m_coef_lq_mesh_5_1000m_local_density_subsets,builds/cv_subset_models/cv_canopy_height_900m_coef_lq_mesh_5_1000m_local_density_subsets.Rds,Canopy Height Trend
canopy_height_900m_coef_lq,canopy_height_q == 'lq',4,150,mesh_6,6241,TRUE,5,canopy_height_900m_coef,147939.260939428,117428,3.81768885807924,cv_canopy_height_900m_coef_lq_mesh_6_1000m_local_density_subsets,builds/cv_subset_models/cv_canopy_height_900m_coef_lq_mesh_6_1000m_local_density_subsets.Rds,Canopy Height Trend
canopy_height_900m_coef_lq,canopy_height_q == 'lq',8,50,mesh_7,4879,TRUE,5,canopy_height_900m_coef,143159.949103532,117428,3.69435496125343,cv_canopy_height_900m_coef_lq_mesh_7_1000m_local_density_subsets,builds/cv_subset_models/cv_canopy_height_900m_coef_lq_mesh_7_1000m_local_density_subsets.Rds,Canopy Height Trend
canopy_height_900m_coef_lq,canopy_height_q == 'lq',8,100,mesh_8,2962,TRUE,5,canopy_height_900m_coef,143014.810450211,117428,3.69060954427526,cv_canopy_height_900m_coef_lq_mesh_8_1000m_local_density_subsets,builds/cv_subset_models/cv_canopy_height_900m_coef_lq_mesh_8_1000m_local_density_subsets.Rds,Canopy Height Trend
canopy_height_900m_coef_lq,canopy_height_q == 'lq',8,150,mesh_9,2620,FALSE,3,canopy_height_900m_coef,143111.648096235,117428,3.6931085158121,cv_canopy_height_900m_coef_lq_mesh_9_1000m_local_density_subsets,builds/cv_subset_models/cv_canopy_height_900m_coef_lq_mesh_9_1000m_local_density_subsets.Rds,Canopy Height Trend
canopy_height_900m_coef_lq,canopy_height_q == 'lq',16,50,mesh_10,3571,FALSE,1,canopy_height_900m_coef,138626.742839127,117428,3.57737201205459,cv_canopy_height_900m_coef_lq_mesh_10_1000m_local_density_subsets,builds/cv_subset_models/cv_canopy_height_900m_coef_lq_mesh_10_1000m_local_density_subsets.Rds,Canopy Height Trend
canopy_height_900m_coef_lq,canopy_height_q == 'lq',16,100,mesh_11,1524,FALSE,2,canopy_height_900m_coef,138552.430280722,117428,3.57545431810075,cv_canopy_height_900m_coef_lq_mesh_11_1000m_local_density_subsets,builds/cv_subset_models/cv_canopy_height_900m_coef_lq_mesh_11_1000m_local_density_subsets.Rds,Canopy Height Trend
canopy_height_900m_coef_lq,canopy_height_q == 'lq',16,150,mesh_12,1194,FALSE,2,canopy_height_900m_coef,138601.121035351,117428,3.57671082127817,cv_canopy_height_900m_coef_lq_mesh_12_1000m_local_density_subsets,builds/cv_subset_models/cv_canopy_height_900m_coef_lq_mesh_12_1000m_local_density_subsets.Rds,Canopy Height Trend
canopy_height_900m_coef_lq,canopy_height_q == 'lq',32,50,mesh_13,2093,FALSE,4,canopy_height_900m_coef,135340.249752844,117428,3.49256147590627,cv_canopy_height_900m_coef_lq_mesh_13_1000m_local_density_subsets,builds/cv_subset_models/cv_canopy_height_900m_coef_lq_mesh_13_1000m_local_density_subsets.Rds,Canopy Height Trend
canopy_height_900m_coef_lq,canopy_height_q == 'lq',32,100,mesh_14,1004,TRUE,5,canopy_height_900m_coef,135021.733237743,117428,3.48434190698931,cv_canopy_height_900m_coef_lq_mesh_14_1000m_local_density_subsets,builds/cv_subset_models/cv_canopy_height_900m_coef_lq_mesh_14_1000m_local_density_subsets.Rds,Canopy Height Trend
canopy_height_900m_coef_lq,canopy_height_q == 'lq',32,150,mesh_15,622,FALSE,2,canopy_height_900m_coef,134973.578068076,117428,3.4830992250026,cv_canopy_height_900m_coef_lq_mesh_15_1000m_local_density_subsets,builds/cv_subset_models/cv_canopy_height_900m_coef_lq_mesh_15_1000m_local_density_subsets.Rds,Canopy Height Trend
tree_cover_1000m_coef_fenced,fenced == 'fenced',2,50,mesh_1,3444,FALSE,4,tree_cover_1000m_coef,-9621.07322870649,117428,-1.02134535336587,cv_tree_cover_1000m_coef_fenced_mesh_1_1000m_local_density_subsets,builds/cv_subset_models/cv_tree_cover_1000m_coef_fenced_mesh_1_1000m_local_density_subsets.Rds,Woody Cover Trend
tree_cover_1000m_coef_fenced,fenced == 'fenced',2,100,mesh_2,3284,TRUE,5,tree_cover_1000m_coef,-9685.56648426027,117428,-1.0281917711529,cv_tree_cover_1000m_coef_fenced_mesh_2_1000m_local_density_subsets,builds/cv_subset_models/cv_tree_cover_1000m_coef_fenced_mesh_2_1000m_local_density_subsets.Rds,Woody Cover Trend
tree_cover_1000m_coef_fenced,fenced == 'fenced',2,150,mesh_3,3272,TRUE,5,tree_cover_1000m_coef,-9683.32514951117,117428,-1.02795383752773,cv_tree_cover_1000m_coef_fenced_mesh_3_1000m_local_density_subsets,builds/cv_subset_models/cv_tree_cover_1000m_coef_fenced_mesh_3_1000m_local_density_subsets.Rds,Woody Cover Trend
tree_cover_1000m_coef_fenced,fenced == 'fenced',4,50,mesh_4,1641,TRUE,5,tree_cover_1000m_coef,-10566.3125707516,117428,-1.12168923256386,cv_tree_cover_1000m_coef_fenced_mesh_4_1000m_local_density_subsets,builds/cv_subset_models/cv_tree_cover_1000m_coef_fenced_mesh_4_1000m_local_density_subsets.Rds,Woody Cover Trend
tree_cover_1000m_coef_fenced,fenced == 'fenced',4,100,mesh_5,1471,TRUE,5,tree_cover_1000m_coef,-10548.4718495284,117428,-1.11979531311341,cv_tree_cover_1000m_coef_fenced_mesh_5_1000m_local_density_subsets,builds/cv_subset_models/cv_tree_cover_1000m_coef_fenced_mesh_5_1000m_local_density_subsets.Rds,Woody Cover Trend
tree_cover_1000m_coef_fenced,fenced == 'fenced',4,150,mesh_6,1463,TRUE,5,tree_cover_1000m_coef,-10540.2831459737,117428,-1.11892602398872,cv_tree_cover_1000m_coef_fenced_mesh_6_1000m_local_density_subsets,builds/cv_subset_models/cv_tree_cover_1000m_coef_fenced_mesh_6_1000m_local_density_subsets.Rds,Woody Cover Trend
tree_cover_1000m_coef_fenced,fenced == 'fenced',8,50,mesh_7,826,TRUE,5,tree_cover_1000m_coef,-11877.397274848,117428,-1.26087019902845,cv_tree_cover_1000m_coef_fenced_mesh_7_1000m_local_density_subsets,builds/cv_subset_models/cv_tree_cover_1000m_coef_fenced_mesh_7_1000m_local_density_subsets.Rds,Woody Cover Trend
tree_cover_1000m_coef_fenced,fenced == 'fenced',8,100,mesh_8,628,TRUE,5,tree_cover_1000m_coef,-11912.4772472833,117428,-1.2645941876097,cv_tree_cover_1000m_coef_fenced_mesh_8_1000m_local_density_subsets,builds/cv_subset_models/cv_tree_cover_1000m_coef_fenced_mesh_8_1000m_local_density_subsets.Rds,Woody Cover Trend
tree_cover_1000m_coef_fenced,fenced == 'fenced',8,150,mesh_9,614,FALSE,4,tree_cover_1000m_coef,-11877.3266485684,117428,-1.26086270154654,cv_tree_cover_1000m_coef_fenced_mesh_9_1000m_local_density_subsets,builds/cv_subset_models/cv_tree_cover_1000m_coef_fenced_mesh_9_1000m_local_density_subsets.Rds,Woody Cover Trend
tree_cover_1000m_coef_fenced,fenced == 'fenced',16,50,mesh_10,525,TRUE,5,tree_cover_1000m_coef,-12965.660590991,117428,-1.37639709033874,cv_tree_cover_1000m_coef_fenced_mesh_10_1000m_local_density_subsets,builds/cv_subset_models/cv_tree_cover_1000m_coef_fenced_mesh_10_1000m_local_density_subsets.Rds,Woody Cover Trend
tree_cover_1000m_coef_fenced,fenced == 'fenced',16,100,mesh_11,288,TRUE,5,tree_cover_1000m_coef,-12973.0467571142,117428,-1.37718118440702,cv_tree_cover_1000m_coef_fenced_mesh_11_1000m_local_density_subsets,builds/cv_subset_models/cv_tree_cover_1000m_coef_fenced_mesh_11_1000m_local_density_subsets.Rds,Woody Cover Trend
tree_cover_1000m_coef_fenced,fenced == 'fenced',16,150,mesh_12,263,TRUE,5,tree_cover_1000m_coef,-12966.0651575505,117428,-1.37644003795653,cv_tree_cover_1000m_coef_fenced_mesh_12_1000m_local_density_subsets,builds/cv_subset_models/cv_tree_cover_1000m_coef_fenced_mesh_12_1000m_local_density_subsets.Rds,Woody Cover Trend
tree_cover_1000m_coef_fenced,fenced == 'fenced',32,50,mesh_13,308,FALSE,4,tree_cover_1000m_coef,-13905.7241567045,117428,-1.47619152406629,cv_tree_cover_1000m_coef_fenced_mesh_13_1000m_local_density_subsets,builds/cv_subset_models/cv_tree_cover_1000m_coef_fenced_mesh_13_1000m_local_density_subsets.Rds,Woody Cover Trend
tree_cover_1000m_coef_fenced,fenced == 'fenced',32,100,mesh_14,154,TRUE,5,tree_cover_1000m_coef,-13982.9617483456,117428,-1.48439084377342,cv_tree_cover_1000m_coef_fenced_mesh_14_1000m_local_density_subsets,builds/cv_subset_models/cv_tree_cover_1000m_coef_fenced_mesh_14_1000m_local_density_subsets.Rds,Woody Cover Trend
tree_cover_1000m_coef_fenced,fenced == 'fenced',32,150,mesh_15,124,TRUE,5,tree_cover_1000m_coef,-13992.581215668,117428,-1.48541201864841,cv_tree_cover_1000m_coef_fenced_mesh_15_1000m_local_density_subsets,builds/cv_subset_models/cv_tree_cover_1000m_coef_fenced_mesh_15_1000m_local_density_subsets.Rds,Woody Cover Trend
evi_900m_coef_fenced,fenced == 'fenced',2,50,mesh_1,3444,TRUE,5,evi_900m_coef,13968.1380046914,117428,1.48281719795025,cv_evi_900m_coef_fenced_mesh_1_1000m_local_density_subsets,builds/cv_subset_models/cv_evi_900m_coef_fenced_mesh_1_1000m_local_density_subsets.Rds,EVI Trend
evi_900m_coef_fenced,fenced == 'fenced',2,100,mesh_2,3284,TRUE,5,evi_900m_coef,13928.9388459607,117428,1.47865592844594,cv_evi_900m_coef_fenced_mesh_2_1000m_local_density_subsets,builds/cv_subset_models/cv_evi_900m_coef_fenced_mesh_2_1000m_local_density_subsets.Rds,EVI Trend
evi_900m_coef_fenced,fenced == 'fenced',2,150,mesh_3,3272,TRUE,5,evi_900m_coef,13956.6082448462,117428,1.48159323193696,cv_evi_900m_coef_fenced_mesh_3_1000m_local_density_subsets,builds/cv_subset_models/cv_evi_900m_coef_fenced_mesh_3_1000m_local_density_subsets.Rds,EVI Trend
evi_900m_coef_fenced,fenced == 'fenced',4,50,mesh_4,1641,TRUE,5,evi_900m_coef,12637.20289188,117428,1.34152896941402,cv_evi_900m_coef_fenced_mesh_4_1000m_local_density_subsets,builds/cv_subset_models/cv_evi_900m_coef_fenced_mesh_4_1000m_local_density_subsets.Rds,EVI Trend
evi_900m_coef_fenced,fenced == 'fenced',4,100,mesh_5,1471,TRUE,5,evi_900m_coef,12725.4299129797,117428,1.35089489522078,cv_evi_900m_coef_fenced_mesh_5_1000m_local_density_subsets,builds/cv_subset_models/cv_evi_900m_coef_fenced_mesh_5_1000m_local_density_subsets.Rds,EVI Trend
evi_900m_coef_fenced,fenced == 'fenced',4,150,mesh_6,1463,TRUE,5,evi_900m_coef,12709.448575112,117428,1.34919836253843,cv_evi_900m_coef_fenced_mesh_6_1000m_local_density_subsets,builds/cv_subset_models/cv_evi_900m_coef_fenced_mesh_6_1000m_local_density_subsets.Rds,EVI Trend
evi_900m_coef_fenced,fenced == 'fenced',8,50,mesh_7,826,TRUE,5,evi_900m_coef,11256.6804689534,117428,1.19497669521798,cv_evi_900m_coef_fenced_mesh_7_1000m_local_density_subsets,builds/cv_subset_models/cv_evi_900m_coef_fenced_mesh_7_1000m_local_density_subsets.Rds,EVI Trend
evi_900m_coef_fenced,fenced == 'fenced',8,100,mesh_8,628,TRUE,5,evi_900m_coef,11264.3445820919,117428,1.19579029533884,cv_evi_900m_coef_fenced_mesh_8_1000m_local_density_subsets,builds/cv_subset_models/cv_evi_900m_coef_fenced_mesh_8_1000m_local_density_subsets.Rds,EVI Trend
evi_900m_coef_fenced,fenced == 'fenced',16,50,mesh_10,525,TRUE,5,evi_900m_coef,9814.80391603987,117428,1.04191124374096,cv_evi_900m_coef_fenced_mesh_10_1000m_local_density_subsets,builds/cv_subset_models/cv_evi_900m_coef_fenced_mesh_10_1000m_local_density_subsets.Rds,EVI Trend
evi_900m_coef_fenced,fenced == 'fenced',16,100,mesh_11,288,TRUE,5,evi_900m_coef,9879.33163200399,117428,1.04876131974565,cv_evi_900m_coef_fenced_mesh_11_1000m_local_density_subsets,builds/cv_subset_models/cv_evi_900m_coef_fenced_mesh_11_1000m_local_density_subsets.Rds,EVI Trend
evi_900m_coef_fenced,fenced == 'fenced',16,150,mesh_12,263,TRUE,5,evi_900m_coef,9864.40890372144,117428,1.04717716600015,cv_evi_900m_coef_fenced_mesh_12_1000m_local_density_subsets,builds/cv_subset_models/cv_evi_900m_coef_fenced_mesh_12_1000m_local_density_subsets.Rds,EVI Trend
evi_900m_coef_fenced,fenced == 'fenced',32,50,mesh_13,308,FALSE,4,evi_900m_coef,9000.52430473519,117428,0.955469671415626,cv_evi_900m_coef_fenced_mesh_13_1000m_local_density_subsets,builds/cv_subset_models/cv_evi_900m_coef_fenced_mesh_13_1000m_local_density_subsets.Rds,EVI Trend
evi_900m_coef_fenced,fenced == 'fenced',32,100,mesh_14,154,TRUE,5,evi_900m_coef,9005.18337090762,117428,0.955964264427561,cv_evi_900m_coef_fenced_mesh_14_1000m_local_density_subsets,builds/cv_subset_models/cv_evi_900m_coef_fenced_mesh_14_1000m_local_density_subsets.Rds,EVI Trend
evi_900m_coef_fenced,fenced == 'fenced',32,150,mesh_15,124,FALSE,4,evi_900m_coef,8968.86317585083,117428,0.952108617393931,cv_evi_900m_coef_fenced_mesh_15_1000m_local_density_subsets,builds/cv_subset_models/cv_evi_900m_coef_fenced_mesh_15_1000m_local_density_subsets.Rds,EVI Trend
canopy_height_900m_coef_fenced,fenced == 'fenced',2,50,mesh_1,3444,FALSE,4,canopy_height_900m_coef,38570.8950705366,117428,4.0945748482523,cv_canopy_height_900m_coef_fenced_mesh_1_1000m_local_density_subsets,builds/cv_subset_models/cv_canopy_height_900m_coef_fenced_mesh_1_1000m_local_density_subsets.Rds,Canopy Height Trend
canopy_height_900m_coef_fenced,fenced == 'fenced',2,100,mesh_2,3284,FALSE,3,canopy_height_900m_coef,38809.0644313354,117428,4.11985821988698,cv_canopy_height_900m_coef_fenced_mesh_2_1000m_local_density_subsets,builds/cv_subset_models/cv_canopy_height_900m_coef_fenced_mesh_2_1000m_local_density_subsets.Rds,Canopy Height Trend
canopy_height_900m_coef_fenced,fenced == 'fenced',2,150,mesh_3,3272,FALSE,4,canopy_height_900m_coef,38788.7221909633,117428,4.11769874638676,cv_canopy_height_900m_coef_fenced_mesh_3_1000m_local_density_subsets,builds/cv_subset_models/cv_canopy_height_900m_coef_fenced_mesh_3_1000m_local_density_subsets.Rds,Canopy Height Trend
canopy_height_900m_coef_fenced,fenced == 'fenced',4,50,mesh_4,1641,FALSE,4,canopy_height_900m_coef,37826.7870047425,117428,4.01558248457989,cv_canopy_height_900m_coef_fenced_mesh_4_1000m_local_density_subsets,builds/cv_subset_models/cv_canopy_height_900m_coef_fenced_mesh_4_1000m_local_density_subsets.Rds,Canopy Height Trend
canopy_height_900m_coef_fenced,fenced == 'fenced',4,100,mesh_5,1471,TRUE,5,canopy_height_900m_coef,37809.0549368536,117428,4.01370009945368,cv_canopy_height_900m_coef_fenced_mesh_5_1000m_local_density_subsets,builds/cv_subset_models/cv_canopy_height_900m_coef_fenced_mesh_5_1000m_local_density_subsets.Rds,Canopy Height Trend
canopy_height_900m_coef_fenced,fenced == 'fenced',4,150,mesh_6,1463,FALSE,4,canopy_height_900m_coef,37814.3595685614,117428,4.01426322383879,cv_canopy_height_900m_coef_fenced_mesh_6_1000m_local_density_subsets,builds/cv_subset_models/cv_canopy_height_900m_coef_fenced_mesh_6_1000m_local_density_subsets.Rds,Canopy Height Trend
canopy_height_900m_coef_fenced,fenced == 'fenced',8,50,mesh_7,826,FALSE,4,canopy_height_900m_coef,36410.7552822643,117428,3.86526064567562,cv_canopy_height_900m_coef_fenced_mesh_7_1000m_local_density_subsets,builds/cv_subset_models/cv_canopy_height_900m_coef_fenced_mesh_7_1000m_local_density_subsets.Rds,Canopy Height Trend
canopy_height_900m_coef_fenced,fenced == 'fenced',8,150,mesh_9,614,FALSE,4,canopy_height_900m_coef,36474.3269039952,117428,3.8720092254772,cv_canopy_height_900m_coef_fenced_mesh_9_1000m_local_density_subsets,builds/cv_subset_models/cv_canopy_height_900m_coef_fenced_mesh_9_1000m_local_density_subsets.Rds,Canopy Height Trend
canopy_height_900m_coef_fenced,fenced == 'fenced',16,50,mesh_10,525,FALSE,4,canopy_height_900m_coef,35367.5169886165,117428,3.75451348074485,cv_canopy_height_900m_coef_fenced_mesh_10_1000m_local_density_subsets,builds/cv_subset_models/cv_canopy_height_900m_coef_fenced_mesh_10_1000m_local_density_subsets.Rds,Canopy Height Trend
canopy_height_900m_coef_fenced,fenced == 'fenced',16,100,mesh_11,288,FALSE,0,canopy_height_900m_coef,35342.3412021528,117428,3.75184089194828,cv_canopy_height_900m_coef_fenced_mesh_11_1000m_local_density_subsets,builds/cv_subset_models/cv_canopy_height_900m_coef_fenced_mesh_11_1000m_local_density_subsets.Rds,Canopy Height Trend
canopy_height_900m_coef_fenced,fenced == 'fenced',16,150,mesh_12,263,FALSE,2,canopy_height_900m_coef,35342.7562770228,117428,3.75188495509796,cv_canopy_height_900m_coef_fenced_mesh_12_1000m_local_density_subsets,builds/cv_subset_models/cv_canopy_height_900m_coef_fenced_mesh_12_1000m_local_density_subsets.Rds,Canopy Height Trend
canopy_height_900m_coef_fenced,fenced == 'fenced',32,50,mesh_13,308,TRUE,5,canopy_height_900m_coef,34700.2622342868,117428,3.6836796427056,cv_canopy_height_900m_coef_fenced_mesh_13_1000m_local_density_subsets,builds/cv_subset_models/cv_canopy_height_900m_coef_fenced_mesh_13_1000m_local_density_subsets.Rds,Canopy Height Trend
canopy_height_900m_coef_fenced,fenced == 'fenced',32,100,mesh_14,154,FALSE,4,canopy_height_900m_coef,34607.6060593882,117428,3.67384353072062,cv_canopy_height_900m_coef_fenced_mesh_14_1000m_local_density_subsets,builds/cv_subset_models/cv_canopy_height_900m_coef_fenced_mesh_14_1000m_local_density_subsets.Rds,Canopy Height Trend
canopy_height_900m_coef_fenced,fenced == 'fenced',32,150,mesh_15,124,TRUE,5,canopy_height_900m_coef,34595.4216031871,117428,3.6725500640326,cv_canopy_height_900m_coef_fenced_mesh_15_1000m_local_density_subsets,builds/cv_subset_models/cv_canopy_height_900m_coef_fenced_mesh_15_1000m_local_density_subsets.Rds,Canopy Height Trend
