park,response,cutoff,max_inner_edge,mesh_id,n_vertices,all_converged,p_d_hessian,sum_loglik,n,log_cpo_approx,model_id,model_path,clean_response
Sioma Ngwezi,tree_cover_1000m_coef,8,50,mesh_7,109,TRUE,5,-4369.4500109593,122934,-1.31372519872498,cv_tree_cover_1000m_coef_sioma_ngwezi_mesh_7_1000m_local_density_parks,builds/cv_park_models/cv_tree_cover_1000m_coef_sioma_ngwezi_mesh_7_1000m_local_density_parks.Rds,Woody Cover Trend
Sioma Ngwezi,tree_cover_1000m_coef,8,100,mesh_8,109,TRUE,5,-4376.11789298505,122934,-1.31572997383796,cv_tree_cover_1000m_coef_sioma_ngwezi_mesh_8_1000m_local_density_parks,builds/cv_park_models/cv_tree_cover_1000m_coef_sioma_ngwezi_mesh_8_1000m_local_density_parks.Rds,Woody Cover Trend
Sioma Ngwezi,tree_cover_1000m_coef,8,150,mesh_9,109,TRUE,5,-4388.22525427822,122934,-1.31937019070301,cv_tree_cover_1000m_coef_sioma_ngwezi_mesh_9_1000m_local_density_parks,builds/cv_park_models/cv_tree_cover_1000m_coef_sioma_ngwezi_mesh_9_1000m_local_density_parks.Rds,Woody Cover Trend
Sioma Ngwezi,canopy_height_900m_coef,2,50,mesh_1,809,TRUE,5,11690.9236190574,122934,3.51501010795471,cv_canopy_height_900m_coef_sioma_ngwezi_mesh_1_1000m_local_density_parks,builds/cv_park_models/cv_canopy_height_900m_coef_sioma_ngwezi_mesh_1_1000m_local_density_parks.Rds,Canopy Height Trend
Sioma Ngwezi,canopy_height_900m_coef,2,100,mesh_2,809,FALSE,4,11699.6337705413,122934,3.51762891477489,cv_canopy_height_900m_coef_sioma_ngwezi_mesh_2_1000m_local_density_parks,builds/cv_park_models/cv_canopy_height_900m_coef_sioma_ngwezi_mesh_2_1000m_local_density_parks.Rds,Canopy Height Trend
Sioma Ngwezi,canopy_height_900m_coef,2,150,mesh_3,809,FALSE,4,11689.3829386418,122934,3.51454688473897,cv_canopy_height_900m_coef_sioma_ngwezi_mesh_3_1000m_local_density_parks,builds/cv_park_models/cv_canopy_height_900m_coef_sioma_ngwezi_mesh_3_1000m_local_density_parks.Rds,Canopy Height Trend
Sioma Ngwezi,canopy_height_900m_coef,4,100,mesh_5,305,TRUE,5,11225.5423410882,122934,3.37508789569698,cv_canopy_height_900m_coef_sioma_ngwezi_mesh_5_1000m_local_density_parks,builds/cv_park_models/cv_canopy_height_900m_coef_sioma_ngwezi_mesh_5_1000m_local_density_parks.Rds,Canopy Height Trend
Sioma Ngwezi,canopy_height_900m_coef,4,150,mesh_6,305,TRUE,5,11248.8719967399,122934,3.3821022239146,cv_canopy_height_900m_coef_sioma_ngwezi_mesh_6_1000m_local_density_parks,builds/cv_park_models/cv_canopy_height_900m_coef_sioma_ngwezi_mesh_6_1000m_local_density_parks.Rds,Canopy Height Trend
Sioma Ngwezi,canopy_height_900m_coef,8,50,mesh_7,109,FALSE,3,10776.6386638646,122934,3.24011986285766,cv_canopy_height_900m_coef_sioma_ngwezi_mesh_7_1000m_local_density_parks,builds/cv_park_models/cv_canopy_height_900m_coef_sioma_ngwezi_mesh_7_1000m_local_density_parks.Rds,Canopy Height Trend
Sioma Ngwezi,canopy_height_900m_coef,8,150,mesh_9,109,FALSE,4,10771.9824597521,122934,3.23871992175349,cv_canopy_height_900m_coef_sioma_ngwezi_mesh_9_1000m_local_density_parks,builds/cv_park_models/cv_canopy_height_900m_coef_sioma_ngwezi_mesh_9_1000m_local_density_parks.Rds,Canopy Height Trend
Northern Tuli,tree_cover_1000m_coef,8,50,mesh_7,41,FALSE,4,230.208456647473,122934,0.401759959245153,cv_tree_cover_1000m_coef_northern_tuli_mesh_7_1000m_local_density_parks,builds/cv_park_models/cv_tree_cover_1000m_coef_northern_tuli_mesh_7_1000m_local_density_parks.Rds,Woody Cover Trend
Northern Tuli,canopy_height_900m_coef,2,50,mesh_1,186,FALSE,3,2512.10896616542,122934,4.38413432140562,cv_canopy_height_900m_coef_northern_tuli_mesh_1_1000m_local_density_parks,builds/cv_park_models/cv_canopy_height_900m_coef_northern_tuli_mesh_1_1000m_local_density_parks.Rds,Canopy Height Trend
Northern Tuli,canopy_height_900m_coef,2,150,mesh_3,186,TRUE,5,2509.42991740707,122934,4.37945884364235,cv_canopy_height_900m_coef_northern_tuli_mesh_3_1000m_local_density_parks,builds/cv_park_models/cv_canopy_height_900m_coef_northern_tuli_mesh_3_1000m_local_density_parks.Rds,Canopy Height Trend
Northern Tuli,canopy_height_900m_coef,4,100,mesh_5,85,FALSE,4,2494.26812670187,122934,4.35299847591949,cv_canopy_height_900m_coef_northern_tuli_mesh_5_1000m_local_density_parks,builds/cv_park_models/cv_canopy_height_900m_coef_northern_tuli_mesh_5_1000m_local_density_parks.Rds,Canopy Height Trend
Northern Tuli,canopy_height_900m_coef,8,50,mesh_7,41,TRUE,5,2441.91465097894,122934,4.26163115354091,cv_canopy_height_900m_coef_northern_tuli_mesh_7_1000m_local_density_parks,builds/cv_park_models/cv_canopy_height_900m_coef_northern_tuli_mesh_7_1000m_local_density_parks.Rds,Canopy Height Trend
Northern Tuli,canopy_height_900m_coef,8,100,mesh_8,41,TRUE,5,2437.15180943824,122934,4.25331903915923,cv_canopy_height_900m_coef_northern_tuli_mesh_8_1000m_local_density_parks,builds/cv_park_models/cv_canopy_height_900m_coef_northern_tuli_mesh_8_1000m_local_density_parks.Rds,Canopy Height Trend
Northern Tuli,canopy_height_900m_coef,8,150,mesh_9,41,FALSE,3,2413.81341534533,122934,4.21258885749622,cv_canopy_height_900m_coef_northern_tuli_mesh_9_1000m_local_density_parks,builds/cv_park_models/cv_canopy_height_900m_coef_northern_tuli_mesh_9_1000m_local_density_parks.Rds,Canopy Height Trend
Northern Tuli,canopy_height_900m_coef,32,150,mesh_15,34,TRUE,5,2356.89568032154,122934,4.11325598659954,cv_canopy_height_900m_coef_northern_tuli_mesh_15_1000m_local_density_parks,builds/cv_park_models/cv_canopy_height_900m_coef_northern_tuli_mesh_15_1000m_local_density_parks.Rds,Canopy Height Trend
North Luangwa,tree_cover_1000m_coef,2,50,mesh_1,912,FALSE,3,-3901.53694539981,122934,-0.978564571206372,cv_tree_cover_1000m_coef_north_luangwa_mesh_1_1000m_local_density_parks,builds/cv_park_models/cv_tree_cover_1000m_coef_north_luangwa_mesh_1_1000m_local_density_parks.Rds,Woody Cover Trend
North Luangwa,tree_cover_1000m_coef,2,100,mesh_2,912,TRUE,5,-3874.62461076703,122934,-0.971814549979191,cv_tree_cover_1000m_coef_north_luangwa_mesh_2_1000m_local_density_parks,builds/cv_park_models/cv_tree_cover_1000m_coef_north_luangwa_mesh_2_1000m_local_density_parks.Rds,Woody Cover Trend
North Luangwa,tree_cover_1000m_coef,2,150,mesh_3,912,TRUE,5,-3916.78709371012,122934,-0.982389539430678,cv_tree_cover_1000m_coef_north_luangwa_mesh_3_1000m_local_density_parks,builds/cv_park_models/cv_tree_cover_1000m_coef_north_luangwa_mesh_3_1000m_local_density_parks.Rds,Woody Cover Trend
North Luangwa,tree_cover_1000m_coef,4,50,mesh_4,345,FALSE,4,-4539.09443009995,122934,-1.13847364687734,cv_tree_cover_1000m_coef_north_luangwa_mesh_4_1000m_local_density_parks,builds/cv_park_models/cv_tree_cover_1000m_coef_north_luangwa_mesh_4_1000m_local_density_parks.Rds,Woody Cover Trend
North Luangwa,tree_cover_1000m_coef,4,100,mesh_5,345,TRUE,5,-4543.41844027479,122934,-1.13955817413464,cv_tree_cover_1000m_coef_north_luangwa_mesh_5_1000m_local_density_parks,builds/cv_park_models/cv_tree_cover_1000m_coef_north_luangwa_mesh_5_1000m_local_density_parks.Rds,Woody Cover Trend
North Luangwa,tree_cover_1000m_coef,4,150,mesh_6,345,TRUE,5,-4530.40839557482,122934,-1.13629505783166,cv_tree_cover_1000m_coef_north_luangwa_mesh_6_1000m_local_density_parks,builds/cv_park_models/cv_tree_cover_1000m_coef_north_luangwa_mesh_6_1000m_local_density_parks.Rds,Woody Cover Trend
North Luangwa,tree_cover_1000m_coef,8,50,mesh_7,123,TRUE,5,-5398.16684511406,122934,-1.35394202285279,cv_tree_cover_1000m_coef_north_luangwa_mesh_7_1000m_local_density_parks,builds/cv_park_models/cv_tree_cover_1000m_coef_north_luangwa_mesh_7_1000m_local_density_parks.Rds,Woody Cover Trend
North Luangwa,tree_cover_1000m_coef,8,100,mesh_8,123,TRUE,5,-5380.77157137778,122934,-1.34957902467464,cv_tree_cover_1000m_coef_north_luangwa_mesh_8_1000m_local_density_parks,builds/cv_park_models/cv_tree_cover_1000m_coef_north_luangwa_mesh_8_1000m_local_density_parks.Rds,Woody Cover Trend
North Luangwa,tree_cover_1000m_coef,8,150,mesh_9,123,TRUE,5,-5377.30914344259,122934,-1.34871059529536,cv_tree_cover_1000m_coef_north_luangwa_mesh_9_1000m_local_density_parks,builds/cv_park_models/cv_tree_cover_1000m_coef_north_luangwa_mesh_9_1000m_local_density_parks.Rds,Woody Cover Trend
North Luangwa,tree_cover_1000m_coef,16,50,mesh_10,52,TRUE,5,-5782.41275775393,122934,-1.4503167187745,cv_tree_cover_1000m_coef_north_luangwa_mesh_10_1000m_local_density_parks,builds/cv_park_models/cv_tree_cover_1000m_coef_north_luangwa_mesh_10_1000m_local_density_parks.Rds,Woody Cover Trend
North Luangwa,tree_cover_1000m_coef,16,100,mesh_11,52,TRUE,5,-5779.56840866846,122934,-1.44960331293415,cv_tree_cover_1000m_coef_north_luangwa_mesh_11_1000m_local_density_parks,builds/cv_park_models/cv_tree_cover_1000m_coef_north_luangwa_mesh_11_1000m_local_density_parks.Rds,Woody Cover Trend
North Luangwa,tree_cover_1000m_coef,16,150,mesh_12,52,TRUE,5,-5781.5281616359,122934,-1.45009484866714,cv_tree_cover_1000m_coef_north_luangwa_mesh_12_1000m_local_density_parks,builds/cv_park_models/cv_tree_cover_1000m_coef_north_luangwa_mesh_12_1000m_local_density_parks.Rds,Woody Cover Trend
North Luangwa,canopy_height_900m_coef,2,50,mesh_1,912,TRUE,5,14633.9677194117,122934,3.67042079744462,cv_canopy_height_900m_coef_north_luangwa_mesh_1_1000m_local_density_parks,builds/cv_park_models/cv_canopy_height_900m_coef_north_luangwa_mesh_1_1000m_local_density_parks.Rds,Canopy Height Trend
North Luangwa,canopy_height_900m_coef,2,100,mesh_2,912,FALSE,4,14636.5958707629,122934,3.67107997761798,cv_canopy_height_900m_coef_north_luangwa_mesh_2_1000m_local_density_parks,builds/cv_park_models/cv_canopy_height_900m_coef_north_luangwa_mesh_2_1000m_local_density_parks.Rds,Canopy Height Trend
North Luangwa,canopy_height_900m_coef,2,150,mesh_3,912,FALSE,4,14633.4116956174,122934,3.67028133825367,cv_canopy_height_900m_coef_north_luangwa_mesh_3_1000m_local_density_parks,builds/cv_park_models/cv_canopy_height_900m_coef_north_luangwa_mesh_3_1000m_local_density_parks.Rds,Canopy Height Trend
North Luangwa,canopy_height_900m_coef,4,50,mesh_4,345,FALSE,4,13955.4846795611,122934,3.50024697255106,cv_canopy_height_900m_coef_north_luangwa_mesh_4_1000m_local_density_parks,builds/cv_park_models/cv_canopy_height_900m_coef_north_luangwa_mesh_4_1000m_local_density_parks.Rds,Canopy Height Trend
North Luangwa,canopy_height_900m_coef,4,100,mesh_5,345,TRUE,5,13946.573087351,122934,3.49801181022096,cv_canopy_height_900m_coef_north_luangwa_mesh_5_1000m_local_density_parks,builds/cv_park_models/cv_canopy_height_900m_coef_north_luangwa_mesh_5_1000m_local_density_parks.Rds,Canopy Height Trend
North Luangwa,canopy_height_900m_coef,4,150,mesh_6,345,TRUE,5,13972.7263508851,122934,3.50457144491726,cv_canopy_height_900m_coef_north_luangwa_mesh_6_1000m_local_density_parks,builds/cv_park_models/cv_canopy_height_900m_coef_north_luangwa_mesh_6_1000m_local_density_parks.Rds,Canopy Height Trend
North Luangwa,canopy_height_900m_coef,8,50,mesh_7,123,FALSE,4,13120.2417794079,122934,3.29075539990166,cv_canopy_height_900m_coef_north_luangwa_mesh_7_1000m_local_density_parks,builds/cv_park_models/cv_canopy_height_900m_coef_north_luangwa_mesh_7_1000m_local_density_parks.Rds,Canopy Height Trend
North Luangwa,canopy_height_900m_coef,8,100,mesh_8,123,FALSE,3,13114.3495501884,122934,3.28927753955065,cv_canopy_height_900m_coef_north_luangwa_mesh_8_1000m_local_density_parks,builds/cv_park_models/cv_canopy_height_900m_coef_north_luangwa_mesh_8_1000m_local_density_parks.Rds,Canopy Height Trend
North Luangwa,canopy_height_900m_coef,8,150,mesh_9,123,TRUE,5,13103.3101357836,122934,3.28650868717923,cv_canopy_height_900m_coef_north_luangwa_mesh_9_1000m_local_density_parks,builds/cv_park_models/cv_canopy_height_900m_coef_north_luangwa_mesh_9_1000m_local_density_parks.Rds,Canopy Height Trend
North Luangwa,canopy_height_900m_coef,16,50,mesh_10,52,TRUE,5,12533.6683903269,122934,3.14363390778201,cv_canopy_height_900m_coef_north_luangwa_mesh_10_1000m_local_density_parks,builds/cv_park_models/cv_canopy_height_900m_coef_north_luangwa_mesh_10_1000m_local_density_parks.Rds,Canopy Height Trend
North Luangwa,canopy_height_900m_coef,16,100,mesh_11,52,TRUE,5,12527.3681987314,122934,3.14205372428678,cv_canopy_height_900m_coef_north_luangwa_mesh_11_1000m_local_density_parks,builds/cv_park_models/cv_canopy_height_900m_coef_north_luangwa_mesh_11_1000m_local_density_parks.Rds,Canopy Height Trend
North Luangwa,canopy_height_900m_coef,16,150,mesh_12,52,FALSE,4,12531.4784361615,122934,3.1430846341012,cv_canopy_height_900m_coef_north_luangwa_mesh_12_1000m_local_density_parks,builds/cv_park_models/cv_canopy_height_900m_coef_north_luangwa_mesh_12_1000m_local_density_parks.Rds,Canopy Height Trend
North Luangwa,canopy_height_900m_coef,32,50,mesh_13,30,TRUE,5,12354.6117126959,122934,3.09872378046047,cv_canopy_height_900m_coef_north_luangwa_mesh_13_1000m_local_density_parks,builds/cv_park_models/cv_canopy_height_900m_coef_north_luangwa_mesh_13_1000m_local_density_parks.Rds,Canopy Height Trend
North Luangwa,canopy_height_900m_coef,32,100,mesh_14,30,TRUE,5,12349.7498574161,122934,3.09750435350291,cv_canopy_height_900m_coef_north_luangwa_mesh_14_1000m_local_density_parks,builds/cv_park_models/cv_canopy_height_900m_coef_north_luangwa_mesh_14_1000m_local_density_parks.Rds,Canopy Height Trend
North Luangwa,canopy_height_900m_coef,32,150,mesh_15,30,TRUE,5,12361.1518558946,122934,3.10036414745287,cv_canopy_height_900m_coef_north_luangwa_mesh_15_1000m_local_density_parks,builds/cv_park_models/cv_canopy_height_900m_coef_north_luangwa_mesh_15_1000m_local_density_parks.Rds,Canopy Height Trend
Luengue-Luiana National Park,tree_cover_1000m_coef,2,50,mesh_1,3966,FALSE,4,-16970.3439306745,122934,-0.837462689038419,cv_tree_cover_1000m_coef_luengue-luiana_national_park_mesh_1_1000m_local_density_parks,builds/cv_park_models/cv_tree_cover_1000m_coef_luengue-luiana_national_park_mesh_1_1000m_local_density_parks.Rds,Woody Cover Trend
Luengue-Luiana National Park,tree_cover_1000m_coef,2,100,mesh_2,3966,TRUE,5,-17001.3242181113,122934,-0.838991522804547,cv_tree_cover_1000m_coef_luengue-luiana_national_park_mesh_2_1000m_local_density_parks,builds/cv_park_models/cv_tree_cover_1000m_coef_luengue-luiana_national_park_mesh_2_1000m_local_density_parks.Rds,Woody Cover Trend
Luengue-Luiana National Park,tree_cover_1000m_coef,2,150,mesh_3,3966,FALSE,4,-16935.0867114592,122934,-0.835722794683142,cv_tree_cover_1000m_coef_luengue-luiana_national_park_mesh_3_1000m_local_density_parks,builds/cv_park_models/cv_tree_cover_1000m_coef_luengue-luiana_national_park_mesh_3_1000m_local_density_parks.Rds,Woody Cover Trend
Luengue-Luiana National Park,tree_cover_1000m_coef,4,50,mesh_4,1484,TRUE,5,-20103.1505894872,122934,-0.992062307021672,cv_tree_cover_1000m_coef_luengue-luiana_national_park_mesh_4_1000m_local_density_parks,builds/cv_park_models/cv_tree_cover_1000m_coef_luengue-luiana_national_park_mesh_4_1000m_local_density_parks.Rds,Woody Cover Trend
Luengue-Luiana National Park,tree_cover_1000m_coef,4,100,mesh_5,1484,TRUE,5,-20118.3157897839,122934,-0.992810688402284,cv_tree_cover_1000m_coef_luengue-luiana_national_park_mesh_5_1000m_local_density_parks,builds/cv_park_models/cv_tree_cover_1000m_coef_luengue-luiana_national_park_mesh_5_1000m_local_density_parks.Rds,Woody Cover Trend
Luengue-Luiana National Park,tree_cover_1000m_coef,4,150,mesh_6,1484,FALSE,4,-20073.5886248027,122934,-0.990603465495595,cv_tree_cover_1000m_coef_luengue-luiana_national_park_mesh_6_1000m_local_density_parks,builds/cv_park_models/cv_tree_cover_1000m_coef_luengue-luiana_national_park_mesh_6_1000m_local_density_parks.Rds,Woody Cover Trend
Luengue-Luiana National Park,tree_cover_1000m_coef,8,50,mesh_7,469,TRUE,5,-23525.0035042909,122934,-1.1609259526397,cv_tree_cover_1000m_coef_luengue-luiana_national_park_mesh_7_1000m_local_density_parks,builds/cv_park_models/cv_tree_cover_1000m_coef_luengue-luiana_national_park_mesh_7_1000m_local_density_parks.Rds,Woody Cover Trend
Luengue-Luiana National Park,tree_cover_1000m_coef,8,100,mesh_8,469,FALSE,4,-23497.1417601274,122934,-1.15955101461347,cv_tree_cover_1000m_coef_luengue-luiana_national_park_mesh_8_1000m_local_density_parks,builds/cv_park_models/cv_tree_cover_1000m_coef_luengue-luiana_national_park_mesh_8_1000m_local_density_parks.Rds,Woody Cover Trend
Luengue-Luiana National Park,tree_cover_1000m_coef,8,150,mesh_9,469,TRUE,5,-23521.1042920905,122934,-1.16073353198236,cv_tree_cover_1000m_coef_luengue-luiana_national_park_mesh_9_1000m_local_density_parks,builds/cv_park_models/cv_tree_cover_1000m_coef_luengue-luiana_national_park_mesh_9_1000m_local_density_parks.Rds,Woody Cover Trend
Luengue-Luiana National Park,tree_cover_1000m_coef,16,50,mesh_10,160,TRUE,5,-25936.5554258519,122934,-1.27993266017824,cv_tree_cover_1000m_coef_luengue-luiana_national_park_mesh_10_1000m_local_density_parks,builds/cv_park_models/cv_tree_cover_1000m_coef_luengue-luiana_national_park_mesh_10_1000m_local_density_parks.Rds,Woody Cover Trend
Luengue-Luiana National Park,tree_cover_1000m_coef,16,100,mesh_11,160,TRUE,5,-25926.4948156585,122934,-1.27943618316515,cv_tree_cover_1000m_coef_luengue-luiana_national_park_mesh_11_1000m_local_density_parks,builds/cv_park_models/cv_tree_cover_1000m_coef_luengue-luiana_national_park_mesh_11_1000m_local_density_parks.Rds,Woody Cover Trend
Luengue-Luiana National Park,tree_cover_1000m_coef,16,150,mesh_12,160,TRUE,5,-25926.5376015706,122934,-1.27943829458994,cv_tree_cover_1000m_coef_luengue-luiana_national_park_mesh_12_1000m_local_density_parks,builds/cv_park_models/cv_tree_cover_1000m_coef_luengue-luiana_national_park_mesh_12_1000m_local_density_parks.Rds,Woody Cover Trend
Luengue-Luiana National Park,tree_cover_1000m_coef,32,100,mesh_14,59,FALSE,3,-27635.5812736614,122934,-1.36377720458258,cv_tree_cover_1000m_coef_luengue-luiana_national_park_mesh_14_1000m_local_density_parks,builds/cv_park_models/cv_tree_cover_1000m_coef_luengue-luiana_national_park_mesh_14_1000m_local_density_parks.Rds,Woody Cover Trend
Luengue-Luiana National Park,tree_cover_1000m_coef,32,150,mesh_15,59,TRUE,5,-27614.6921537079,122934,-1.36274635578898,cv_tree_cover_1000m_coef_luengue-luiana_national_park_mesh_15_1000m_local_density_parks,builds/cv_park_models/cv_tree_cover_1000m_coef_luengue-luiana_national_park_mesh_15_1000m_local_density_parks.Rds,Woody Cover Trend
Luengue-Luiana National Park,canopy_height_900m_coef,2,50,mesh_1,3966,TRUE,5,71629.0691711099,122934,3.53479417543969,cv_canopy_height_900m_coef_luengue-luiana_national_park_mesh_1_1000m_local_density_parks,builds/cv_park_models/cv_canopy_height_900m_coef_luengue-luiana_national_park_mesh_1_1000m_local_density_parks.Rds,Canopy Height Trend
Luengue-Luiana National Park,canopy_height_900m_coef,2,100,mesh_2,3966,TRUE,5,71602.7105911288,122934,3.53349341645918,cv_canopy_height_900m_coef_luengue-luiana_national_park_mesh_2_1000m_local_density_parks,builds/cv_park_models/cv_canopy_height_900m_coef_luengue-luiana_national_park_mesh_2_1000m_local_density_parks.Rds,Canopy Height Trend
Luengue-Luiana National Park,canopy_height_900m_coef,2,150,mesh_3,3966,TRUE,5,71570.1563064693,122934,3.53188690813607,cv_canopy_height_900m_coef_luengue-luiana_national_park_mesh_3_1000m_local_density_parks,builds/cv_park_models/cv_canopy_height_900m_coef_luengue-luiana_national_park_mesh_3_1000m_local_density_parks.Rds,Canopy Height Trend
Luengue-Luiana National Park,canopy_height_900m_coef,4,50,mesh_4,1484,TRUE,5,68614.4958392887,122934,3.38602920643943,cv_canopy_height_900m_coef_luengue-luiana_national_park_mesh_4_1000m_local_density_parks,builds/cv_park_models/cv_canopy_height_900m_coef_luengue-luiana_national_park_mesh_4_1000m_local_density_parks.Rds,Canopy Height Trend
Luengue-Luiana National Park,canopy_height_900m_coef,4,100,mesh_5,1484,FALSE,4,68600.1961292635,122934,3.38532353579074,cv_canopy_height_900m_coef_luengue-luiana_national_park_mesh_5_1000m_local_density_parks,builds/cv_park_models/cv_canopy_height_900m_coef_luengue-luiana_national_park_mesh_5_1000m_local_density_parks.Rds,Canopy Height Trend
Luengue-Luiana National Park,canopy_height_900m_coef,4,150,mesh_6,1484,TRUE,5,68592.3065508724,122934,3.38493419615438,cv_canopy_height_900m_coef_luengue-luiana_national_park_mesh_6_1000m_local_density_parks,builds/cv_park_models/cv_canopy_height_900m_coef_luengue-luiana_national_park_mesh_6_1000m_local_density_parks.Rds,Canopy Height Trend
Luengue-Luiana National Park,canopy_height_900m_coef,8,50,mesh_7,469,TRUE,5,66059.580994545,122934,3.25994773956499,cv_canopy_height_900m_coef_luengue-luiana_national_park_mesh_7_1000m_local_density_parks,builds/cv_park_models/cv_canopy_height_900m_coef_luengue-luiana_national_park_mesh_7_1000m_local_density_parks.Rds,Canopy Height Trend
Luengue-Luiana National Park,canopy_height_900m_coef,8,100,mesh_8,469,TRUE,5,66069.5358535978,122934,3.26043899790751,cv_canopy_height_900m_coef_luengue-luiana_national_park_mesh_8_1000m_local_density_parks,builds/cv_park_models/cv_canopy_height_900m_coef_luengue-luiana_national_park_mesh_8_1000m_local_density_parks.Rds,Canopy Height Trend
Luengue-Luiana National Park,canopy_height_900m_coef,8,150,mesh_9,469,TRUE,5,66060.3678324119,122934,3.25998656891097,cv_canopy_height_900m_coef_luengue-luiana_national_park_mesh_9_1000m_local_density_parks,builds/cv_park_models/cv_canopy_height_900m_coef_luengue-luiana_national_park_mesh_9_1000m_local_density_parks.Rds,Canopy Height Trend
Luengue-Luiana National Park,canopy_height_900m_coef,16,50,mesh_10,160,TRUE,5,64107.1647259602,122934,3.16359873302212,cv_canopy_height_900m_coef_luengue-luiana_national_park_mesh_10_1000m_local_density_parks,builds/cv_park_models/cv_canopy_height_900m_coef_luengue-luiana_national_park_mesh_10_1000m_local_density_parks.Rds,Canopy Height Trend
Luengue-Luiana National Park,canopy_height_900m_coef,16,100,mesh_11,160,FALSE,4,64085.7370365819,122934,3.16254130658221,cv_canopy_height_900m_coef_luengue-luiana_national_park_mesh_11_1000m_local_density_parks,builds/cv_park_models/cv_canopy_height_900m_coef_luengue-luiana_national_park_mesh_11_1000m_local_density_parks.Rds,Canopy Height Trend
Luengue-Luiana National Park,canopy_height_900m_coef,16,150,mesh_12,160,FALSE,4,64085.371201536,122934,3.16252325313541,cv_canopy_height_900m_coef_luengue-luiana_national_park_mesh_12_1000m_local_density_parks,builds/cv_park_models/cv_canopy_height_900m_coef_luengue-luiana_national_park_mesh_12_1000m_local_density_parks.Rds,Canopy Height Trend
Luengue-Luiana National Park,canopy_height_900m_coef,32,50,mesh_13,60,TRUE,5,63109.9349491776,122934,3.11438684115563,cv_canopy_height_900m_coef_luengue-luiana_national_park_mesh_13_1000m_local_density_parks,builds/cv_park_models/cv_canopy_height_900m_coef_luengue-luiana_national_park_mesh_13_1000m_local_density_parks.Rds,Canopy Height Trend
Luengue-Luiana National Park,canopy_height_900m_coef,32,100,mesh_14,59,FALSE,4,63111.7988473469,122934,3.11447882191803,cv_canopy_height_900m_coef_luengue-luiana_national_park_mesh_14_1000m_local_density_parks,builds/cv_park_models/cv_canopy_height_900m_coef_luengue-luiana_national_park_mesh_14_1000m_local_density_parks.Rds,Canopy Height Trend
Luengue-Luiana National Park,canopy_height_900m_coef,32,150,mesh_15,59,FALSE,4,63112.476458994,122934,3.11451226110314,cv_canopy_height_900m_coef_luengue-luiana_national_park_mesh_15_1000m_local_density_parks,builds/cv_park_models/cv_canopy_height_900m_coef_luengue-luiana_national_park_mesh_15_1000m_local_density_parks.Rds,Canopy Height Trend
Limpopo,tree_cover_1000m_coef,2,50,mesh_1,1772,TRUE,5,-8072.06900409795,122934,-1.08248209790773,cv_tree_cover_1000m_coef_limpopo_mesh_1_1000m_local_density_parks,builds/cv_park_models/cv_tree_cover_1000m_coef_limpopo_mesh_1_1000m_local_density_parks.Rds,Woody Cover Trend
Limpopo,tree_cover_1000m_coef,2,100,mesh_2,1772,TRUE,5,-8083.91746155593,122934,-1.08407100195198,cv_tree_cover_1000m_coef_limpopo_mesh_2_1000m_local_density_parks,builds/cv_park_models/cv_tree_cover_1000m_coef_limpopo_mesh_2_1000m_local_density_parks.Rds,Woody Cover Trend
Limpopo,tree_cover_1000m_coef,2,150,mesh_3,1772,TRUE,5,-8133.48316248941,122934,-1.09071787079112,cv_tree_cover_1000m_coef_limpopo_mesh_3_1000m_local_density_parks,builds/cv_park_models/cv_tree_cover_1000m_coef_limpopo_mesh_3_1000m_local_density_parks.Rds,Woody Cover Trend
Limpopo,tree_cover_1000m_coef,4,50,mesh_4,700,TRUE,5,-9071.89667298934,122934,-1.216561173795,cv_tree_cover_1000m_coef_limpopo_mesh_4_1000m_local_density_parks,builds/cv_park_models/cv_tree_cover_1000m_coef_limpopo_mesh_4_1000m_local_density_parks.Rds,Woody Cover Trend
Limpopo,tree_cover_1000m_coef,4,100,mesh_5,700,TRUE,5,-9062.55606237884,122934,-1.21530857749482,cv_tree_cover_1000m_coef_limpopo_mesh_5_1000m_local_density_parks,builds/cv_park_models/cv_tree_cover_1000m_coef_limpopo_mesh_5_1000m_local_density_parks.Rds,Woody Cover Trend
Limpopo,tree_cover_1000m_coef,4,150,mesh_6,700,TRUE,5,-9096.02081195243,122934,-1.21979627356208,cv_tree_cover_1000m_coef_limpopo_mesh_6_1000m_local_density_parks,builds/cv_park_models/cv_tree_cover_1000m_coef_limpopo_mesh_6_1000m_local_density_parks.Rds,Woody Cover Trend
Limpopo,tree_cover_1000m_coef,8,50,mesh_7,234,TRUE,5,-10222.8714856331,122934,-1.37090941204682,cv_tree_cover_1000m_coef_limpopo_mesh_7_1000m_local_density_parks,builds/cv_park_models/cv_tree_cover_1000m_coef_limpopo_mesh_7_1000m_local_density_parks.Rds,Woody Cover Trend
Limpopo,tree_cover_1000m_coef,8,100,mesh_8,234,TRUE,5,-10213.5137282014,122934,-1.36965451632042,cv_tree_cover_1000m_coef_limpopo_mesh_8_1000m_local_density_parks,builds/cv_park_models/cv_tree_cover_1000m_coef_limpopo_mesh_8_1000m_local_density_parks.Rds,Woody Cover Trend
Limpopo,tree_cover_1000m_coef,8,150,mesh_9,234,TRUE,5,-10225.1931438794,122934,-1.37122075149247,cv_tree_cover_1000m_coef_limpopo_mesh_9_1000m_local_density_parks,builds/cv_park_models/cv_tree_cover_1000m_coef_limpopo_mesh_9_1000m_local_density_parks.Rds,Woody Cover Trend
Limpopo,tree_cover_1000m_coef,16,50,mesh_10,90,TRUE,5,-11062.5468095509,122934,-1.48351170840162,cv_tree_cover_1000m_coef_limpopo_mesh_10_1000m_local_density_parks,builds/cv_park_models/cv_tree_cover_1000m_coef_limpopo_mesh_10_1000m_local_density_parks.Rds,Woody Cover Trend
Limpopo,tree_cover_1000m_coef,16,100,mesh_11,90,TRUE,5,-11054.3104658905,122934,-1.48240719671322,cv_tree_cover_1000m_coef_limpopo_mesh_11_1000m_local_density_parks,builds/cv_park_models/cv_tree_cover_1000m_coef_limpopo_mesh_11_1000m_local_density_parks.Rds,Woody Cover Trend
Limpopo,tree_cover_1000m_coef,16,150,mesh_12,90,TRUE,5,-11070.2175326977,122934,-1.48454036914278,cv_tree_cover_1000m_coef_limpopo_mesh_12_1000m_local_density_parks,builds/cv_park_models/cv_tree_cover_1000m_coef_limpopo_mesh_12_1000m_local_density_parks.Rds,Woody Cover Trend
Limpopo,tree_cover_1000m_coef,32,50,mesh_13,38,TRUE,5,-11969.3543802697,122934,-1.60511658579452,cv_tree_cover_1000m_coef_limpopo_mesh_13_1000m_local_density_parks,builds/cv_park_models/cv_tree_cover_1000m_coef_limpopo_mesh_13_1000m_local_density_parks.Rds,Woody Cover Trend
Limpopo,tree_cover_1000m_coef,32,100,mesh_14,38,FALSE,4,-11965.8436309301,122934,-1.60464578663405,cv_tree_cover_1000m_coef_limpopo_mesh_14_1000m_local_density_parks,builds/cv_park_models/cv_tree_cover_1000m_coef_limpopo_mesh_14_1000m_local_density_parks.Rds,Woody Cover Trend
Limpopo,tree_cover_1000m_coef,32,150,mesh_15,38,FALSE,4,-11970.0674378003,122934,-1.60521220836802,cv_tree_cover_1000m_coef_limpopo_mesh_15_1000m_local_density_parks,builds/cv_park_models/cv_tree_cover_1000m_coef_limpopo_mesh_15_1000m_local_density_parks.Rds,Woody Cover Trend
Limpopo,canopy_height_900m_coef,2,50,mesh_1,1772,FALSE,4,29557.5847977791,122934,3.96373673029088,cv_canopy_height_900m_coef_limpopo_mesh_1_1000m_local_density_parks,builds/cv_park_models/cv_canopy_height_900m_coef_limpopo_mesh_1_1000m_local_density_parks.Rds,Canopy Height Trend
Limpopo,canopy_height_900m_coef,4,50,mesh_4,700,TRUE,5,28386.7079369872,122934,3.8067195838792,cv_canopy_height_900m_coef_limpopo_mesh_4_1000m_local_density_parks,builds/cv_park_models/cv_canopy_height_900m_coef_limpopo_mesh_4_1000m_local_density_parks.Rds,Canopy Height Trend
Limpopo,canopy_height_900m_coef,4,100,mesh_5,700,TRUE,5,28366.6310327755,122934,3.80402722713899,cv_canopy_height_900m_coef_limpopo_mesh_5_1000m_local_density_parks,builds/cv_park_models/cv_canopy_height_900m_coef_limpopo_mesh_5_1000m_local_density_parks.Rds,Canopy Height Trend
Limpopo,canopy_height_900m_coef,4,150,mesh_6,700,TRUE,5,28366.3234987198,122934,3.8039859861499,cv_canopy_height_900m_coef_limpopo_mesh_6_1000m_local_density_parks,builds/cv_park_models/cv_canopy_height_900m_coef_limpopo_mesh_6_1000m_local_density_parks.Rds,Canopy Height Trend
Limpopo,canopy_height_900m_coef,8,50,mesh_7,234,FALSE,2,27333.8061158635,122934,3.6655231481646,cv_canopy_height_900m_coef_limpopo_mesh_7_1000m_local_density_parks,builds/cv_park_models/cv_canopy_height_900m_coef_limpopo_mesh_7_1000m_local_density_parks.Rds,Canopy Height Trend
Limpopo,canopy_height_900m_coef,8,100,mesh_8,234,FALSE,2,27307.3135869638,122934,3.66197044213005,cv_canopy_height_900m_coef_limpopo_mesh_8_1000m_local_density_parks,builds/cv_park_models/cv_canopy_height_900m_coef_limpopo_mesh_8_1000m_local_density_parks.Rds,Canopy Height Trend
Limpopo,canopy_height_900m_coef,8,150,mesh_9,234,TRUE,5,27325.1715322587,122934,3.66436523162917,cv_canopy_height_900m_coef_limpopo_mesh_9_1000m_local_density_parks,builds/cv_park_models/cv_canopy_height_900m_coef_limpopo_mesh_9_1000m_local_density_parks.Rds,Canopy Height Trend
Limpopo,canopy_height_900m_coef,16,50,mesh_10,90,TRUE,5,26373.9071173892,122934,3.53679859425898,cv_canopy_height_900m_coef_limpopo_mesh_10_1000m_local_density_parks,builds/cv_park_models/cv_canopy_height_900m_coef_limpopo_mesh_10_1000m_local_density_parks.Rds,Canopy Height Trend
Limpopo,canopy_height_900m_coef,16,100,mesh_11,90,TRUE,5,26362.3215568764,122934,3.53524494526974,cv_canopy_height_900m_coef_limpopo_mesh_11_1000m_local_density_parks,builds/cv_park_models/cv_canopy_height_900m_coef_limpopo_mesh_11_1000m_local_density_parks.Rds,Canopy Height Trend
Limpopo,canopy_height_900m_coef,16,150,mesh_12,90,TRUE,5,26370.5122564591,122934,3.53634333598754,cv_canopy_height_900m_coef_limpopo_mesh_12_1000m_local_density_parks,builds/cv_park_models/cv_canopy_height_900m_coef_limpopo_mesh_12_1000m_local_density_parks.Rds,Canopy Height Trend
Limpopo,canopy_height_900m_coef,32,100,mesh_14,38,FALSE,4,25736.6092768262,122934,3.45133556079203,cv_canopy_height_900m_coef_limpopo_mesh_14_1000m_local_density_parks,builds/cv_park_models/cv_canopy_height_900m_coef_limpopo_mesh_14_1000m_local_density_parks.Rds,Canopy Height Trend
Limpopo,canopy_height_900m_coef,32,150,mesh_15,38,FALSE,4,25733.8923700599,122934,3.45097121765587,cv_canopy_height_900m_coef_limpopo_mesh_15_1000m_local_density_parks,builds/cv_park_models/cv_canopy_height_900m_coef_limpopo_mesh_15_1000m_local_density_parks.Rds,Canopy Height Trend
Kruger National Park,tree_cover_1000m_coef,2,50,mesh_1,2107,TRUE,5,-6534.03098503291,122934,-1.0254285914992,cv_tree_cover_1000m_coef_kruger_national_park_mesh_1_1000m_local_density_parks,builds/cv_park_models/cv_tree_cover_1000m_coef_kruger_national_park_mesh_1_1000m_local_density_parks.Rds,Woody Cover Trend
Kruger National Park,tree_cover_1000m_coef,2,100,mesh_2,2107,TRUE,5,-6481.29889504679,122934,-1.01715299671167,cv_tree_cover_1000m_coef_kruger_national_park_mesh_2_1000m_local_density_parks,builds/cv_park_models/cv_tree_cover_1000m_coef_kruger_national_park_mesh_2_1000m_local_density_parks.Rds,Woody Cover Trend
Kruger National Park,tree_cover_1000m_coef,2,150,mesh_3,2107,FALSE,4,-6443.78304584624,122934,-1.01126538698152,cv_tree_cover_1000m_coef_kruger_national_park_mesh_3_1000m_local_density_parks,builds/cv_park_models/cv_tree_cover_1000m_coef_kruger_national_park_mesh_3_1000m_local_density_parks.Rds,Woody Cover Trend
Kruger National Park,tree_cover_1000m_coef,4,50,mesh_4,907,TRUE,5,-6987.31627461434,122934,-1.09656564259484,cv_tree_cover_1000m_coef_kruger_national_park_mesh_4_1000m_local_density_parks,builds/cv_park_models/cv_tree_cover_1000m_coef_kruger_national_park_mesh_4_1000m_local_density_parks.Rds,Woody Cover Trend
Kruger National Park,tree_cover_1000m_coef,4,100,mesh_5,907,TRUE,5,-7007.26354901136,122934,-1.0996960999704,cv_tree_cover_1000m_coef_kruger_national_park_mesh_5_1000m_local_density_parks,builds/cv_park_models/cv_tree_cover_1000m_coef_kruger_national_park_mesh_5_1000m_local_density_parks.Rds,Woody Cover Trend
Kruger National Park,tree_cover_1000m_coef,4,150,mesh_6,907,FALSE,4,-7015.32049418039,122934,-1.10096052953239,cv_tree_cover_1000m_coef_kruger_national_park_mesh_6_1000m_local_density_parks,builds/cv_park_models/cv_tree_cover_1000m_coef_kruger_national_park_mesh_6_1000m_local_density_parks.Rds,Woody Cover Trend
Kruger National Park,tree_cover_1000m_coef,8,50,mesh_7,359,TRUE,5,-7958.38420800145,122934,-1.24896174011322,cv_tree_cover_1000m_coef_kruger_national_park_mesh_7_1000m_local_density_parks,builds/cv_park_models/cv_tree_cover_1000m_coef_kruger_national_park_mesh_7_1000m_local_density_parks.Rds,Woody Cover Trend
Kruger National Park,tree_cover_1000m_coef,8,100,mesh_8,359,TRUE,5,-7944.03834464467,122934,-1.24671034912816,cv_tree_cover_1000m_coef_kruger_national_park_mesh_8_1000m_local_density_parks,builds/cv_park_models/cv_tree_cover_1000m_coef_kruger_national_park_mesh_8_1000m_local_density_parks.Rds,Woody Cover Trend
Kruger National Park,tree_cover_1000m_coef,8,150,mesh_9,359,TRUE,5,-7950.95554376094,122934,-1.2477959108225,cv_tree_cover_1000m_coef_kruger_national_park_mesh_9_1000m_local_density_parks,builds/cv_park_models/cv_tree_cover_1000m_coef_kruger_national_park_mesh_9_1000m_local_density_parks.Rds,Woody Cover Trend
Kruger National Park,tree_cover_1000m_coef,16,50,mesh_10,144,TRUE,5,-8884.33396582129,122934,-1.3942771446675,cv_tree_cover_1000m_coef_kruger_national_park_mesh_10_1000m_local_density_parks,builds/cv_park_models/cv_tree_cover_1000m_coef_kruger_national_park_mesh_10_1000m_local_density_parks.Rds,Woody Cover Trend
Kruger National Park,tree_cover_1000m_coef,16,150,mesh_12,140,TRUE,5,-8873.87230630939,122934,-1.3926353274183,cv_tree_cover_1000m_coef_kruger_national_park_mesh_12_1000m_local_density_parks,builds/cv_park_models/cv_tree_cover_1000m_coef_kruger_national_park_mesh_12_1000m_local_density_parks.Rds,Woody Cover Trend
Kruger National Park,tree_cover_1000m_coef,32,50,mesh_13,63,TRUE,5,-9247.13617147933,122934,-1.45121408843053,cv_tree_cover_1000m_coef_kruger_national_park_mesh_13_1000m_local_density_parks,builds/cv_park_models/cv_tree_cover_1000m_coef_kruger_national_park_mesh_13_1000m_local_density_parks.Rds,Woody Cover Trend
Kruger National Park,tree_cover_1000m_coef,32,100,mesh_14,62,FALSE,4,-9258.18007651954,122934,-1.45294728131192,cv_tree_cover_1000m_coef_kruger_national_park_mesh_14_1000m_local_density_parks,builds/cv_park_models/cv_tree_cover_1000m_coef_kruger_national_park_mesh_14_1000m_local_density_parks.Rds,Woody Cover Trend
Kruger National Park,tree_cover_1000m_coef,32,150,mesh_15,62,TRUE,5,-9251.75753139558,122934,-1.45193934893214,cv_tree_cover_1000m_coef_kruger_national_park_mesh_15_1000m_local_density_parks,builds/cv_park_models/cv_tree_cover_1000m_coef_kruger_national_park_mesh_15_1000m_local_density_parks.Rds,Woody Cover Trend
Kruger National Park,canopy_height_900m_coef,2,50,mesh_1,2107,TRUE,5,26626.4568161184,122934,4.17866553925273,cv_canopy_height_900m_coef_kruger_national_park_mesh_1_1000m_local_density_parks,builds/cv_park_models/cv_canopy_height_900m_coef_kruger_national_park_mesh_1_1000m_local_density_parks.Rds,Canopy Height Trend
Kruger National Park,canopy_height_900m_coef,2,100,mesh_2,2107,TRUE,5,26718.278701083,122934,4.19307575346563,cv_canopy_height_900m_coef_kruger_national_park_mesh_2_1000m_local_density_parks,builds/cv_park_models/cv_canopy_height_900m_coef_kruger_national_park_mesh_2_1000m_local_density_parks.Rds,Canopy Height Trend
Kruger National Park,canopy_height_900m_coef,2,150,mesh_3,2107,TRUE,5,26748.9983727398,122934,4.19789679421528,cv_canopy_height_900m_coef_kruger_national_park_mesh_3_1000m_local_density_parks,builds/cv_park_models/cv_canopy_height_900m_coef_kruger_national_park_mesh_3_1000m_local_density_parks.Rds,Canopy Height Trend
Kruger National Park,canopy_height_900m_coef,4,50,mesh_4,907,TRUE,5,26032.1505171292,122934,4.08539713074847,cv_canopy_height_900m_coef_kruger_national_park_mesh_4_1000m_local_density_parks,builds/cv_park_models/cv_canopy_height_900m_coef_kruger_national_park_mesh_4_1000m_local_density_parks.Rds,Canopy Height Trend
Kruger National Park,canopy_height_900m_coef,4,100,mesh_5,907,TRUE,5,26021.6543444281,122934,4.08374989711678,cv_canopy_height_900m_coef_kruger_national_park_mesh_5_1000m_local_density_parks,builds/cv_park_models/cv_canopy_height_900m_coef_kruger_national_park_mesh_5_1000m_local_density_parks.Rds,Canopy Height Trend
Kruger National Park,canopy_height_900m_coef,4,150,mesh_6,907,TRUE,5,26041.3982708259,122934,4.0868484417492,cv_canopy_height_900m_coef_kruger_national_park_mesh_6_1000m_local_density_parks,builds/cv_park_models/cv_canopy_height_900m_coef_kruger_national_park_mesh_6_1000m_local_density_parks.Rds,Canopy Height Trend
Kruger National Park,canopy_height_900m_coef,8,100,mesh_8,359,TRUE,5,24774.0508274572,122934,3.8879552459914,cv_canopy_height_900m_coef_kruger_national_park_mesh_8_1000m_local_density_parks,builds/cv_park_models/cv_canopy_height_900m_coef_kruger_national_park_mesh_8_1000m_local_density_parks.Rds,Canopy Height Trend
Kruger National Park,canopy_height_900m_coef,8,150,mesh_9,359,FALSE,4,24834.3975720858,122934,3.89742585877053,cv_canopy_height_900m_coef_kruger_national_park_mesh_9_1000m_local_density_parks,builds/cv_park_models/cv_canopy_height_900m_coef_kruger_national_park_mesh_9_1000m_local_density_parks.Rds,Canopy Height Trend
Kruger National Park,canopy_height_900m_coef,16,50,mesh_10,144,TRUE,5,23961.3513290294,122934,3.76041295182508,cv_canopy_height_900m_coef_kruger_national_park_mesh_10_1000m_local_density_parks,builds/cv_park_models/cv_canopy_height_900m_coef_kruger_national_park_mesh_10_1000m_local_density_parks.Rds,Canopy Height Trend
Kruger National Park,canopy_height_900m_coef,16,100,mesh_11,140,TRUE,5,23943.1757778959,122934,3.75756054267041,cv_canopy_height_900m_coef_kruger_national_park_mesh_11_1000m_local_density_parks,builds/cv_park_models/cv_canopy_height_900m_coef_kruger_national_park_mesh_11_1000m_local_density_parks.Rds,Canopy Height Trend
Kruger National Park,canopy_height_900m_coef,16,150,mesh_12,140,TRUE,5,23949.2746714957,122934,3.75851768228118,cv_canopy_height_900m_coef_kruger_national_park_mesh_12_1000m_local_density_parks,builds/cv_park_models/cv_canopy_height_900m_coef_kruger_national_park_mesh_12_1000m_local_density_parks.Rds,Canopy Height Trend
Khaudum,tree_cover_1000m_coef,2,50,mesh_1,659,TRUE,5,-888.719770777263,122934,-0.351550542237841,cv_tree_cover_1000m_coef_khaudum_mesh_1_1000m_local_density_parks,builds/cv_park_models/cv_tree_cover_1000m_coef_khaudum_mesh_1_1000m_local_density_parks.Rds,Woody Cover Trend
Khaudum,tree_cover_1000m_coef,2,100,mesh_2,659,TRUE,5,-870.193775800809,122934,-0.344222221440193,cv_tree_cover_1000m_coef_khaudum_mesh_2_1000m_local_density_parks,builds/cv_park_models/cv_tree_cover_1000m_coef_khaudum_mesh_2_1000m_local_density_parks.Rds,Woody Cover Trend
Khaudum,tree_cover_1000m_coef,2,150,mesh_3,659,FALSE,3,-888.038046643054,122934,-0.351280872880955,cv_tree_cover_1000m_coef_khaudum_mesh_3_1000m_local_density_parks,builds/cv_park_models/cv_tree_cover_1000m_coef_khaudum_mesh_3_1000m_local_density_parks.Rds,Woody Cover Trend
Khaudum,tree_cover_1000m_coef,4,50,mesh_4,264,TRUE,5,-1268.62933306542,122934,-0.501831223522713,cv_tree_cover_1000m_coef_khaudum_mesh_4_1000m_local_density_parks,builds/cv_park_models/cv_tree_cover_1000m_coef_khaudum_mesh_4_1000m_local_density_parks.Rds,Woody Cover Trend
Khaudum,tree_cover_1000m_coef,4,100,mesh_5,264,TRUE,5,-1281.99484107126,122934,-0.507118212449074,cv_tree_cover_1000m_coef_khaudum_mesh_5_1000m_local_density_parks,builds/cv_park_models/cv_tree_cover_1000m_coef_khaudum_mesh_5_1000m_local_density_parks.Rds,Woody Cover Trend
Khaudum,tree_cover_1000m_coef,4,150,mesh_6,264,TRUE,5,-1287.55655434954,122934,-0.509318257258521,cv_tree_cover_1000m_coef_khaudum_mesh_6_1000m_local_density_parks,builds/cv_park_models/cv_tree_cover_1000m_coef_khaudum_mesh_6_1000m_local_density_parks.Rds,Woody Cover Trend
Khaudum,tree_cover_1000m_coef,8,100,mesh_8,100,TRUE,5,-1726.18837506299,122934,-0.682827680009092,cv_tree_cover_1000m_coef_khaudum_mesh_8_1000m_local_density_parks,builds/cv_park_models/cv_tree_cover_1000m_coef_khaudum_mesh_8_1000m_local_density_parks.Rds,Woody Cover Trend
Khaudum,tree_cover_1000m_coef,8,150,mesh_9,100,TRUE,5,-1729.74196685696,122934,-0.684233372965568,cv_tree_cover_1000m_coef_khaudum_mesh_9_1000m_local_density_parks,builds/cv_park_models/cv_tree_cover_1000m_coef_khaudum_mesh_9_1000m_local_density_parks.Rds,Woody Cover Trend
Khaudum,tree_cover_1000m_coef,16,50,mesh_10,45,FALSE,4,-1937.69919206682,122934,-0.766494933570736,cv_tree_cover_1000m_coef_khaudum_mesh_10_1000m_local_density_parks,builds/cv_park_models/cv_tree_cover_1000m_coef_khaudum_mesh_10_1000m_local_density_parks.Rds,Woody Cover Trend
Khaudum,tree_cover_1000m_coef,16,100,mesh_11,45,TRUE,5,-1937.01261755682,122934,-0.766223345552539,cv_tree_cover_1000m_coef_khaudum_mesh_11_1000m_local_density_parks,builds/cv_park_models/cv_tree_cover_1000m_coef_khaudum_mesh_11_1000m_local_density_parks.Rds,Woody Cover Trend
Khaudum,tree_cover_1000m_coef,16,150,mesh_12,45,TRUE,5,-1931.88382865385,122934,-0.764194552473834,cv_tree_cover_1000m_coef_khaudum_mesh_12_1000m_local_density_parks,builds/cv_park_models/cv_tree_cover_1000m_coef_khaudum_mesh_12_1000m_local_density_parks.Rds,Woody Cover Trend
Khaudum,canopy_height_900m_coef,2,50,mesh_1,659,TRUE,5,10694.85934843,122934,4.23056145111946,cv_canopy_height_900m_coef_khaudum_mesh_1_1000m_local_density_parks,builds/cv_park_models/cv_canopy_height_900m_coef_khaudum_mesh_1_1000m_local_density_parks.Rds,Canopy Height Trend
Khaudum,canopy_height_900m_coef,2,100,mesh_2,659,TRUE,5,10703.3630366703,122934,4.23392525184745,cv_canopy_height_900m_coef_khaudum_mesh_2_1000m_local_density_parks,builds/cv_park_models/cv_canopy_height_900m_coef_khaudum_mesh_2_1000m_local_density_parks.Rds,Canopy Height Trend
Khaudum,canopy_height_900m_coef,2,150,mesh_3,659,TRUE,5,10741.1501010193,122934,4.24887266654246,cv_canopy_height_900m_coef_khaudum_mesh_3_1000m_local_density_parks,builds/cv_park_models/cv_canopy_height_900m_coef_khaudum_mesh_3_1000m_local_density_parks.Rds,Canopy Height Trend
Khaudum,canopy_height_900m_coef,4,50,mesh_4,264,FALSE,3,10338.507036643,122934,4.08959930246956,cv_canopy_height_900m_coef_khaudum_mesh_4_1000m_local_density_parks,builds/cv_park_models/cv_canopy_height_900m_coef_khaudum_mesh_4_1000m_local_density_parks.Rds,Canopy Height Trend
Khaudum,canopy_height_900m_coef,4,100,mesh_5,264,FALSE,3,10358.6373595435,122934,4.09756224665485,cv_canopy_height_900m_coef_khaudum_mesh_5_1000m_local_density_parks,builds/cv_park_models/cv_canopy_height_900m_coef_khaudum_mesh_5_1000m_local_density_parks.Rds,Canopy Height Trend
Khaudum,canopy_height_900m_coef,4,150,mesh_6,264,FALSE,4,10347.4179568639,122934,4.09312419179743,cv_canopy_height_900m_coef_khaudum_mesh_6_1000m_local_density_parks,builds/cv_park_models/cv_canopy_height_900m_coef_khaudum_mesh_6_1000m_local_density_parks.Rds,Canopy Height Trend
Khaudum,canopy_height_900m_coef,8,50,mesh_7,100,FALSE,2,9884.02301237204,122934,3.90981922957755,cv_canopy_height_900m_coef_khaudum_mesh_7_1000m_local_density_parks,builds/cv_park_models/cv_canopy_height_900m_coef_khaudum_mesh_7_1000m_local_density_parks.Rds,Canopy Height Trend
Khaudum,canopy_height_900m_coef,8,100,mesh_8,100,FALSE,2,9886.53443864609,122934,3.91081267351507,cv_canopy_height_900m_coef_khaudum_mesh_8_1000m_local_density_parks,builds/cv_park_models/cv_canopy_height_900m_coef_khaudum_mesh_8_1000m_local_density_parks.Rds,Canopy Height Trend
Khaudum,canopy_height_900m_coef,8,150,mesh_9,100,FALSE,3,9882.05166690294,122934,3.90903942519895,cv_canopy_height_900m_coef_khaudum_mesh_9_1000m_local_density_parks,builds/cv_park_models/cv_canopy_height_900m_coef_khaudum_mesh_9_1000m_local_density_parks.Rds,Canopy Height Trend
Kasungu National Park,tree_cover_1000m_coef,2,100,mesh_2,501,TRUE,5,-2045.65162396919,122934,-1.1656134609511,cv_tree_cover_1000m_coef_kasungu_national_park_mesh_2_1000m_local_density_parks,builds/cv_park_models/cv_tree_cover_1000m_coef_kasungu_national_park_mesh_2_1000m_local_density_parks.Rds,Woody Cover Trend
Kasungu National Park,tree_cover_1000m_coef,2,150,mesh_3,501,TRUE,5,-2115.84744255674,122934,-1.20561107837991,cv_tree_cover_1000m_coef_kasungu_national_park_mesh_3_1000m_local_density_parks,builds/cv_park_models/cv_tree_cover_1000m_coef_kasungu_national_park_mesh_3_1000m_local_density_parks.Rds,Woody Cover Trend
Kasungu National Park,tree_cover_1000m_coef,4,50,mesh_4,196,TRUE,5,-2223.64903024283,122934,-1.26703648446885,cv_tree_cover_1000m_coef_kasungu_national_park_mesh_4_1000m_local_density_parks,builds/cv_park_models/cv_tree_cover_1000m_coef_kasungu_national_park_mesh_4_1000m_local_density_parks.Rds,Woody Cover Trend
Kasungu National Park,tree_cover_1000m_coef,4,100,mesh_5,196,TRUE,5,-2201.05731980635,122934,-1.25416371498937,cv_tree_cover_1000m_coef_kasungu_national_park_mesh_5_1000m_local_density_parks,builds/cv_park_models/cv_tree_cover_1000m_coef_kasungu_national_park_mesh_5_1000m_local_density_parks.Rds,Woody Cover Trend
Kasungu National Park,tree_cover_1000m_coef,4,150,mesh_6,196,FALSE,4,-2209.02225706644,122934,-1.2587021407786,cv_tree_cover_1000m_coef_kasungu_national_park_mesh_6_1000m_local_density_parks,builds/cv_park_models/cv_tree_cover_1000m_coef_kasungu_national_park_mesh_6_1000m_local_density_parks.Rds,Woody Cover Trend
Kasungu National Park,tree_cover_1000m_coef,8,150,mesh_9,83,TRUE,5,-2510.29608777984,122934,-1.4303681411851,cv_tree_cover_1000m_coef_kasungu_national_park_mesh_9_1000m_local_density_parks,builds/cv_park_models/cv_tree_cover_1000m_coef_kasungu_national_park_mesh_9_1000m_local_density_parks.Rds,Woody Cover Trend
Kasungu National Park,tree_cover_1000m_coef,16,50,mesh_10,43,FALSE,4,-2770.29985964513,122934,-1.57851843854423,cv_tree_cover_1000m_coef_kasungu_national_park_mesh_10_1000m_local_density_parks,builds/cv_park_models/cv_tree_cover_1000m_coef_kasungu_national_park_mesh_10_1000m_local_density_parks.Rds,Woody Cover Trend
Kasungu National Park,tree_cover_1000m_coef,16,100,mesh_11,43,TRUE,5,-2774.84915520143,122934,-1.5811106297444,cv_tree_cover_1000m_coef_kasungu_national_park_mesh_11_1000m_local_density_parks,builds/cv_park_models/cv_tree_cover_1000m_coef_kasungu_national_park_mesh_11_1000m_local_density_parks.Rds,Woody Cover Trend
Kasungu National Park,tree_cover_1000m_coef,16,150,mesh_12,43,TRUE,5,-2760.73150141325,122934,-1.57306638257166,cv_tree_cover_1000m_coef_kasungu_national_park_mesh_12_1000m_local_density_parks,builds/cv_park_models/cv_tree_cover_1000m_coef_kasungu_national_park_mesh_12_1000m_local_density_parks.Rds,Woody Cover Trend
Kasungu National Park,tree_cover_1000m_coef,32,50,mesh_13,26,FALSE,4,-2930.26643805326,122934,-1.66966748607023,cv_tree_cover_1000m_coef_kasungu_national_park_mesh_13_1000m_local_density_parks,builds/cv_park_models/cv_tree_cover_1000m_coef_kasungu_national_park_mesh_13_1000m_local_density_parks.Rds,Woody Cover Trend
Kasungu National Park,tree_cover_1000m_coef,32,100,mesh_14,26,TRUE,5,-2927.15818247837,122934,-1.66789640027258,cv_tree_cover_1000m_coef_kasungu_national_park_mesh_14_1000m_local_density_parks,builds/cv_park_models/cv_tree_cover_1000m_coef_kasungu_national_park_mesh_14_1000m_local_density_parks.Rds,Woody Cover Trend
Kasungu National Park,tree_cover_1000m_coef,32,150,mesh_15,26,FALSE,4,-2928.28546070056,122934,-1.66853872404591,cv_tree_cover_1000m_coef_kasungu_national_park_mesh_15_1000m_local_density_parks,builds/cv_park_models/cv_tree_cover_1000m_coef_kasungu_national_park_mesh_15_1000m_local_density_parks.Rds,Woody Cover Trend
Kasungu National Park,canopy_height_900m_coef,2,50,mesh_1,501,FALSE,4,6404.89072301267,122934,3.649510383483,cv_canopy_height_900m_coef_kasungu_national_park_mesh_1_1000m_local_density_parks,builds/cv_park_models/cv_canopy_height_900m_coef_kasungu_national_park_mesh_1_1000m_local_density_parks.Rds,Canopy Height Trend
Kasungu National Park,canopy_height_900m_coef,2,150,mesh_3,501,FALSE,4,6376.11275905015,122934,3.63311268321946,cv_canopy_height_900m_coef_kasungu_national_park_mesh_3_1000m_local_density_parks,builds/cv_park_models/cv_canopy_height_900m_coef_kasungu_national_park_mesh_3_1000m_local_density_parks.Rds,Canopy Height Trend
Kasungu National Park,canopy_height_900m_coef,4,50,mesh_4,196,TRUE,5,6195.00690668035,122934,3.52991846534493,cv_canopy_height_900m_coef_kasungu_national_park_mesh_4_1000m_local_density_parks,builds/cv_park_models/cv_canopy_height_900m_coef_kasungu_national_park_mesh_4_1000m_local_density_parks.Rds,Canopy Height Trend
Kasungu National Park,canopy_height_900m_coef,4,100,mesh_5,196,FALSE,4,6224.13111980398,122934,3.54651345857777,cv_canopy_height_900m_coef_kasungu_national_park_mesh_5_1000m_local_density_parks,builds/cv_park_models/cv_canopy_height_900m_coef_kasungu_national_park_mesh_5_1000m_local_density_parks.Rds,Canopy Height Trend
Kasungu National Park,canopy_height_900m_coef,4,150,mesh_6,196,TRUE,5,6207.48716089991,122934,3.53702972131049,cv_canopy_height_900m_coef_kasungu_national_park_mesh_6_1000m_local_density_parks,builds/cv_park_models/cv_canopy_height_900m_coef_kasungu_national_park_mesh_6_1000m_local_density_parks.Rds,Canopy Height Trend
Kasungu National Park,canopy_height_900m_coef,8,50,mesh_7,83,FALSE,4,5982.53689676172,122934,3.40885293262776,cv_canopy_height_900m_coef_kasungu_national_park_mesh_7_1000m_local_density_parks,builds/cv_park_models/cv_canopy_height_900m_coef_kasungu_national_park_mesh_7_1000m_local_density_parks.Rds,Canopy Height Trend
Kasungu National Park,canopy_height_900m_coef,8,100,mesh_8,83,FALSE,4,5959.80824060667,122934,3.39590213139981,cv_canopy_height_900m_coef_kasungu_national_park_mesh_8_1000m_local_density_parks,builds/cv_park_models/cv_canopy_height_900m_coef_kasungu_national_park_mesh_8_1000m_local_density_parks.Rds,Canopy Height Trend
Kasungu National Park,canopy_height_900m_coef,8,150,mesh_9,83,FALSE,2,5945.11611715613,122934,3.38753055108611,cv_canopy_height_900m_coef_kasungu_national_park_mesh_9_1000m_local_density_parks,builds/cv_park_models/cv_canopy_height_900m_coef_kasungu_national_park_mesh_9_1000m_local_density_parks.Rds,Canopy Height Trend
Kasungu National Park,canopy_height_900m_coef,16,50,mesh_10,43,FALSE,4,5717.71058719117,122934,3.25795475053628,cv_canopy_height_900m_coef_kasungu_national_park_mesh_10_1000m_local_density_parks,builds/cv_park_models/cv_canopy_height_900m_coef_kasungu_national_park_mesh_10_1000m_local_density_parks.Rds,Canopy Height Trend
Kasungu National Park,canopy_height_900m_coef,16,100,mesh_11,43,TRUE,5,5708.16682819403,122934,3.25251671122167,cv_canopy_height_900m_coef_kasungu_national_park_mesh_11_1000m_local_density_parks,builds/cv_park_models/cv_canopy_height_900m_coef_kasungu_national_park_mesh_11_1000m_local_density_parks.Rds,Canopy Height Trend
Kasungu National Park,canopy_height_900m_coef,16,150,mesh_12,43,TRUE,5,5716.47421122024,122934,3.25725026280355,cv_canopy_height_900m_coef_kasungu_national_park_mesh_12_1000m_local_density_parks,builds/cv_park_models/cv_canopy_height_900m_coef_kasungu_national_park_mesh_12_1000m_local_density_parks.Rds,Canopy Height Trend
Hwange,tree_cover_1000m_coef,2,50,mesh_1,2193,FALSE,4,-7561.32016217718,122934,-0.873938992392185,cv_tree_cover_1000m_coef_hwange_mesh_1_1000m_local_density_parks,builds/cv_park_models/cv_tree_cover_1000m_coef_hwange_mesh_1_1000m_local_density_parks.Rds,Woody Cover Trend
Hwange,tree_cover_1000m_coef,2,100,mesh_2,2193,TRUE,5,-7682.04663217767,122934,-0.887892583469449,cv_tree_cover_1000m_coef_hwange_mesh_2_1000m_local_density_parks,builds/cv_park_models/cv_tree_cover_1000m_coef_hwange_mesh_2_1000m_local_density_parks.Rds,Woody Cover Trend
Hwange,tree_cover_1000m_coef,2,150,mesh_3,2193,TRUE,5,-7664.85035219378,122934,-0.88590503377182,cv_tree_cover_1000m_coef_hwange_mesh_3_1000m_local_density_parks,builds/cv_park_models/cv_tree_cover_1000m_coef_hwange_mesh_3_1000m_local_density_parks.Rds,Woody Cover Trend
Hwange,tree_cover_1000m_coef,4,50,mesh_4,848,TRUE,5,-8692.31289447375,122934,-1.00465937291652,cv_tree_cover_1000m_coef_hwange_mesh_4_1000m_local_density_parks,builds/cv_park_models/cv_tree_cover_1000m_coef_hwange_mesh_4_1000m_local_density_parks.Rds,Woody Cover Trend
Hwange,tree_cover_1000m_coef,4,100,mesh_5,848,TRUE,5,-8669.09343953271,122934,-1.00197566337641,cv_tree_cover_1000m_coef_hwange_mesh_5_1000m_local_density_parks,builds/cv_park_models/cv_tree_cover_1000m_coef_hwange_mesh_5_1000m_local_density_parks.Rds,Woody Cover Trend
Hwange,tree_cover_1000m_coef,4,150,mesh_6,848,TRUE,5,-8669.7310451454,122934,-1.00204935796872,cv_tree_cover_1000m_coef_hwange_mesh_6_1000m_local_density_parks,builds/cv_park_models/cv_tree_cover_1000m_coef_hwange_mesh_6_1000m_local_density_parks.Rds,Woody Cover Trend
Hwange,tree_cover_1000m_coef,8,50,mesh_7,289,TRUE,5,-9797.17861662641,122934,-1.13235998805206,cv_tree_cover_1000m_coef_hwange_mesh_7_1000m_local_density_parks,builds/cv_park_models/cv_tree_cover_1000m_coef_hwange_mesh_7_1000m_local_density_parks.Rds,Woody Cover Trend
Hwange,tree_cover_1000m_coef,8,100,mesh_8,289,FALSE,2,-9790.01406537265,122934,-1.13153190769448,cv_tree_cover_1000m_coef_hwange_mesh_8_1000m_local_density_parks,builds/cv_park_models/cv_tree_cover_1000m_coef_hwange_mesh_8_1000m_local_density_parks.Rds,Woody Cover Trend
Hwange,tree_cover_1000m_coef,8,150,mesh_9,289,FALSE,4,-9786.09383374165,122934,-1.13107880648886,cv_tree_cover_1000m_coef_hwange_mesh_9_1000m_local_density_parks,builds/cv_park_models/cv_tree_cover_1000m_coef_hwange_mesh_9_1000m_local_density_parks.Rds,Woody Cover Trend
Hwange,tree_cover_1000m_coef,16,50,mesh_10,99,FALSE,4,-10730.5405789726,122934,-1.24023816215587,cv_tree_cover_1000m_coef_hwange_mesh_10_1000m_local_density_parks,builds/cv_park_models/cv_tree_cover_1000m_coef_hwange_mesh_10_1000m_local_density_parks.Rds,Woody Cover Trend
Hwange,tree_cover_1000m_coef,16,100,mesh_11,99,TRUE,5,-10734.5916484779,122934,-1.24070638563082,cv_tree_cover_1000m_coef_hwange_mesh_11_1000m_local_density_parks,builds/cv_park_models/cv_tree_cover_1000m_coef_hwange_mesh_11_1000m_local_density_parks.Rds,Woody Cover Trend
Hwange,tree_cover_1000m_coef,16,150,mesh_12,99,TRUE,5,-10728.5588044682,122934,-1.24000910823719,cv_tree_cover_1000m_coef_hwange_mesh_12_1000m_local_density_parks,builds/cv_park_models/cv_tree_cover_1000m_coef_hwange_mesh_12_1000m_local_density_parks.Rds,Woody Cover Trend
Hwange,tree_cover_1000m_coef,32,50,mesh_13,42,TRUE,5,-11273.3736598123,122934,-1.30297892508232,cv_tree_cover_1000m_coef_hwange_mesh_13_1000m_local_density_parks,builds/cv_park_models/cv_tree_cover_1000m_coef_hwange_mesh_13_1000m_local_density_parks.Rds,Woody Cover Trend
Hwange,tree_cover_1000m_coef,32,100,mesh_14,42,TRUE,5,-11272.8545577471,122934,-1.30291892715524,cv_tree_cover_1000m_coef_hwange_mesh_14_1000m_local_density_parks,builds/cv_park_models/cv_tree_cover_1000m_coef_hwange_mesh_14_1000m_local_density_parks.Rds,Woody Cover Trend
Hwange,tree_cover_1000m_coef,32,150,mesh_15,42,TRUE,5,-11286.0855873655,122934,-1.30444817237234,cv_tree_cover_1000m_coef_hwange_mesh_15_1000m_local_density_parks,builds/cv_park_models/cv_tree_cover_1000m_coef_hwange_mesh_15_1000m_local_density_parks.Rds,Woody Cover Trend
Hwange,canopy_height_900m_coef,2,50,mesh_1,2193,TRUE,5,33369.4707763547,122934,3.85685052893605,cv_canopy_height_900m_coef_hwange_mesh_1_1000m_local_density_parks,builds/cv_park_models/cv_canopy_height_900m_coef_hwange_mesh_1_1000m_local_density_parks.Rds,Canopy Height Trend
Hwange,canopy_height_900m_coef,2,100,mesh_2,2193,FALSE,4,33531.4618722656,122934,3.87557349425169,cv_canopy_height_900m_coef_hwange_mesh_2_1000m_local_density_parks,builds/cv_park_models/cv_canopy_height_900m_coef_hwange_mesh_2_1000m_local_density_parks.Rds,Canopy Height Trend
Hwange,canopy_height_900m_coef,2,150,mesh_3,2193,FALSE,4,33542.4676803716,122934,3.87684554789315,cv_canopy_height_900m_coef_hwange_mesh_3_1000m_local_density_parks,builds/cv_park_models/cv_canopy_height_900m_coef_hwange_mesh_3_1000m_local_density_parks.Rds,Canopy Height Trend
Hwange,canopy_height_900m_coef,4,50,mesh_4,848,FALSE,3,32251.3782815893,122934,3.72762116060902,cv_canopy_height_900m_coef_hwange_mesh_4_1000m_local_density_parks,builds/cv_park_models/cv_canopy_height_900m_coef_hwange_mesh_4_1000m_local_density_parks.Rds,Canopy Height Trend
Hwange,canopy_height_900m_coef,4,100,mesh_5,848,TRUE,5,32252.1021557379,122934,3.72770482613706,cv_canopy_height_900m_coef_hwange_mesh_5_1000m_local_density_parks,builds/cv_park_models/cv_canopy_height_900m_coef_hwange_mesh_5_1000m_local_density_parks.Rds,Canopy Height Trend
Hwange,canopy_height_900m_coef,4,150,mesh_6,848,TRUE,5,32173.1435685611,122934,3.71857877583924,cv_canopy_height_900m_coef_hwange_mesh_6_1000m_local_density_parks,builds/cv_park_models/cv_canopy_height_900m_coef_hwange_mesh_6_1000m_local_density_parks.Rds,Canopy Height Trend
Hwange,canopy_height_900m_coef,8,50,mesh_7,289,TRUE,5,30587.247374277,122934,3.53528055643515,cv_canopy_height_900m_coef_hwange_mesh_7_1000m_local_density_parks,builds/cv_park_models/cv_canopy_height_900m_coef_hwange_mesh_7_1000m_local_density_parks.Rds,Canopy Height Trend
Hwange,canopy_height_900m_coef,8,150,mesh_9,289,FALSE,4,30578.5589291601,122934,3.53427634410079,cv_canopy_height_900m_coef_hwange_mesh_9_1000m_local_density_parks,builds/cv_park_models/cv_canopy_height_900m_coef_hwange_mesh_9_1000m_local_density_parks.Rds,Canopy Height Trend
Hwange,canopy_height_900m_coef,16,100,mesh_11,99,FALSE,4,29673.7666319973,122934,3.42970025797473,cv_canopy_height_900m_coef_hwange_mesh_11_1000m_local_density_parks,builds/cv_park_models/cv_canopy_height_900m_coef_hwange_mesh_11_1000m_local_density_parks.Rds,Canopy Height Trend
Hwange,canopy_height_900m_coef,16,150,mesh_12,99,FALSE,4,29667.3159729883,122934,3.42895468943461,cv_canopy_height_900m_coef_hwange_mesh_12_1000m_local_density_parks,builds/cv_park_models/cv_canopy_height_900m_coef_hwange_mesh_12_1000m_local_density_parks.Rds,Canopy Height Trend
Hwange,canopy_height_900m_coef,32,50,mesh_13,42,FALSE,3,28641.551085184,122934,3.31039656555525,cv_canopy_height_900m_coef_hwange_mesh_13_1000m_local_density_parks,builds/cv_park_models/cv_canopy_height_900m_coef_hwange_mesh_13_1000m_local_density_parks.Rds,Canopy Height Trend
Hwange,canopy_height_900m_coef,32,100,mesh_14,42,FALSE,3,28632.4441027535,122934,3.30934397858917,cv_canopy_height_900m_coef_hwange_mesh_14_1000m_local_density_parks,builds/cv_park_models/cv_canopy_height_900m_coef_hwange_mesh_14_1000m_local_density_parks.Rds,Canopy Height Trend
Hwange,canopy_height_900m_coef,32,150,mesh_15,42,FALSE,4,28643.0151869028,122934,3.31056578674327,cv_canopy_height_900m_coef_hwange_mesh_15_1000m_local_density_parks,builds/cv_park_models/cv_canopy_height_900m_coef_hwange_mesh_15_1000m_local_density_parks.Rds,Canopy Height Trend
Hluhluwe  iMfolozi Park,tree_cover_1000m_coef,16,100,mesh_11,31,FALSE,2,-821.063853718869,122934,-1.31370216595019,cv_tree_cover_1000m_coef_hluhluwe__imfolozi_park_mesh_11_1000m_local_density_parks,builds/cv_park_models/cv_tree_cover_1000m_coef_hluhluwe__imfolozi_park_mesh_11_1000m_local_density_parks.Rds,Woody Cover Trend
Hluhluwe  iMfolozi Park,canopy_height_900m_coef,2,50,mesh_1,203,TRUE,5,2250.98639765302,122934,3.60157823624483,cv_canopy_height_900m_coef_hluhluwe__imfolozi_park_mesh_1_1000m_local_density_parks,builds/cv_park_models/cv_canopy_height_900m_coef_hluhluwe__imfolozi_park_mesh_1_1000m_local_density_parks.Rds,Canopy Height Trend
Hluhluwe  iMfolozi Park,canopy_height_900m_coef,2,100,mesh_2,203,FALSE,4,2236.3956061351,122934,3.57823296981617,cv_canopy_height_900m_coef_hluhluwe__imfolozi_park_mesh_2_1000m_local_density_parks,builds/cv_park_models/cv_canopy_height_900m_coef_hluhluwe__imfolozi_park_mesh_2_1000m_local_density_parks.Rds,Canopy Height Trend
Hluhluwe  iMfolozi Park,canopy_height_900m_coef,2,150,mesh_3,203,FALSE,3,2171.13012549584,122934,3.47380820079335,cv_canopy_height_900m_coef_hluhluwe__imfolozi_park_mesh_3_1000m_local_density_parks,builds/cv_park_models/cv_canopy_height_900m_coef_hluhluwe__imfolozi_park_mesh_3_1000m_local_density_parks.Rds,Canopy Height Trend
Hluhluwe  iMfolozi Park,canopy_height_900m_coef,8,50,mesh_7,45,FALSE,4,2147.23340963922,122934,3.43557345542276,cv_canopy_height_900m_coef_hluhluwe__imfolozi_park_mesh_7_1000m_local_density_parks,builds/cv_park_models/cv_canopy_height_900m_coef_hluhluwe__imfolozi_park_mesh_7_1000m_local_density_parks.Rds,Canopy Height Trend
Hluhluwe  iMfolozi Park,canopy_height_900m_coef,8,100,mesh_8,45,TRUE,5,2160.41444568922,122934,3.45666311310276,cv_canopy_height_900m_coef_hluhluwe__imfolozi_park_mesh_8_1000m_local_density_parks,builds/cv_park_models/cv_canopy_height_900m_coef_hluhluwe__imfolozi_park_mesh_8_1000m_local_density_parks.Rds,Canopy Height Trend
Gonarezhou,tree_cover_1000m_coef,2,50,mesh_1,725,TRUE,5,-2435.06071675116,122934,-1.13947623619614,cv_tree_cover_1000m_coef_gonarezhou_mesh_1_1000m_local_density_parks,builds/cv_park_models/cv_tree_cover_1000m_coef_gonarezhou_mesh_1_1000m_local_density_parks.Rds,Woody Cover Trend
Gonarezhou,tree_cover_1000m_coef,2,100,mesh_2,725,TRUE,5,-2432.19980866739,122934,-1.1381374865079,cv_tree_cover_1000m_coef_gonarezhou_mesh_2_1000m_local_density_parks,builds/cv_park_models/cv_tree_cover_1000m_coef_gonarezhou_mesh_2_1000m_local_density_parks.Rds,Woody Cover Trend
Gonarezhou,tree_cover_1000m_coef,2,150,mesh_3,725,TRUE,5,-2387.35454606816,122934,-1.1171523378887,cv_tree_cover_1000m_coef_gonarezhou_mesh_3_1000m_local_density_parks,builds/cv_park_models/cv_tree_cover_1000m_coef_gonarezhou_mesh_3_1000m_local_density_parks.Rds,Woody Cover Trend
Gonarezhou,tree_cover_1000m_coef,4,50,mesh_4,325,TRUE,5,-2598.09041201825,122934,-1.21576528405159,cv_tree_cover_1000m_coef_gonarezhou_mesh_4_1000m_local_density_parks,builds/cv_park_models/cv_tree_cover_1000m_coef_gonarezhou_mesh_4_1000m_local_density_parks.Rds,Woody Cover Trend
Gonarezhou,tree_cover_1000m_coef,4,100,mesh_5,325,TRUE,5,-2594.76571547715,122934,-1.21420950654055,cv_tree_cover_1000m_coef_gonarezhou_mesh_5_1000m_local_density_parks,builds/cv_park_models/cv_tree_cover_1000m_coef_gonarezhou_mesh_5_1000m_local_density_parks.Rds,Woody Cover Trend
Gonarezhou,tree_cover_1000m_coef,4,150,mesh_6,325,TRUE,5,-2565.7786913979,122934,-1.2006451527365,cv_tree_cover_1000m_coef_gonarezhou_mesh_6_1000m_local_density_parks,builds/cv_park_models/cv_tree_cover_1000m_coef_gonarezhou_mesh_6_1000m_local_density_parks.Rds,Woody Cover Trend
Gonarezhou,tree_cover_1000m_coef,8,50,mesh_7,127,TRUE,5,-2937.77302144264,122934,-1.37471830671158,cv_tree_cover_1000m_coef_gonarezhou_mesh_7_1000m_local_density_parks,builds/cv_park_models/cv_tree_cover_1000m_coef_gonarezhou_mesh_7_1000m_local_density_parks.Rds,Woody Cover Trend
Gonarezhou,tree_cover_1000m_coef,8,100,mesh_8,127,TRUE,5,-2943.04086224692,122934,-1.37718337026061,cv_tree_cover_1000m_coef_gonarezhou_mesh_8_1000m_local_density_parks,builds/cv_park_models/cv_tree_cover_1000m_coef_gonarezhou_mesh_8_1000m_local_density_parks.Rds,Woody Cover Trend
Gonarezhou,tree_cover_1000m_coef,8,150,mesh_9,127,TRUE,5,-2943.79771722583,122934,-1.37753753730736,cv_tree_cover_1000m_coef_gonarezhou_mesh_9_1000m_local_density_parks,builds/cv_park_models/cv_tree_cover_1000m_coef_gonarezhou_mesh_9_1000m_local_density_parks.Rds,Woody Cover Trend
Gonarezhou,tree_cover_1000m_coef,16,50,mesh_10,54,TRUE,5,-3260.65977407367,122934,-1.52581178009999,cv_tree_cover_1000m_coef_gonarezhou_mesh_10_1000m_local_density_parks,builds/cv_park_models/cv_tree_cover_1000m_coef_gonarezhou_mesh_10_1000m_local_density_parks.Rds,Woody Cover Trend
Gonarezhou,tree_cover_1000m_coef,16,100,mesh_11,54,TRUE,5,-3266.63600491544,122934,-1.52860833173394,cv_tree_cover_1000m_coef_gonarezhou_mesh_11_1000m_local_density_parks,builds/cv_park_models/cv_tree_cover_1000m_coef_gonarezhou_mesh_11_1000m_local_density_parks.Rds,Woody Cover Trend
Gonarezhou,tree_cover_1000m_coef,16,150,mesh_12,54,FALSE,4,-3258.01175700426,122934,-1.52457265185038,cv_tree_cover_1000m_coef_gonarezhou_mesh_12_1000m_local_density_parks,builds/cv_park_models/cv_tree_cover_1000m_coef_gonarezhou_mesh_12_1000m_local_density_parks.Rds,Woody Cover Trend
Gonarezhou,tree_cover_1000m_coef,32,100,mesh_14,29,FALSE,4,-3542.38408459852,122934,-1.65764346495017,cv_tree_cover_1000m_coef_gonarezhou_mesh_14_1000m_local_density_parks,builds/cv_park_models/cv_tree_cover_1000m_coef_gonarezhou_mesh_14_1000m_local_density_parks.Rds,Woody Cover Trend
Gonarezhou,tree_cover_1000m_coef,32,150,mesh_15,29,TRUE,5,-3540.04363238247,122934,-1.6565482603568,cv_tree_cover_1000m_coef_gonarezhou_mesh_15_1000m_local_density_parks,builds/cv_park_models/cv_tree_cover_1000m_coef_gonarezhou_mesh_15_1000m_local_density_parks.Rds,Woody Cover Trend
Gonarezhou,canopy_height_900m_coef,2,50,mesh_1,725,TRUE,5,8026.31064445592,122934,3.7558776997922,cv_canopy_height_900m_coef_gonarezhou_mesh_1_1000m_local_density_parks,builds/cv_park_models/cv_canopy_height_900m_coef_gonarezhou_mesh_1_1000m_local_density_parks.Rds,Canopy Height Trend
Gonarezhou,canopy_height_900m_coef,2,100,mesh_2,725,TRUE,5,7990.15964404791,122934,3.73896099393912,cv_canopy_height_900m_coef_gonarezhou_mesh_2_1000m_local_density_parks,builds/cv_park_models/cv_canopy_height_900m_coef_gonarezhou_mesh_2_1000m_local_density_parks.Rds,Canopy Height Trend
Gonarezhou,canopy_height_900m_coef,2,150,mesh_3,725,FALSE,4,8045.62665898674,122934,3.76491654608645,cv_canopy_height_900m_coef_gonarezhou_mesh_3_1000m_local_density_parks,builds/cv_park_models/cv_canopy_height_900m_coef_gonarezhou_mesh_3_1000m_local_density_parks.Rds,Canopy Height Trend
Gonarezhou,canopy_height_900m_coef,4,50,mesh_4,325,TRUE,5,7750.15507226776,122934,3.62665188220298,cv_canopy_height_900m_coef_gonarezhou_mesh_4_1000m_local_density_parks,builds/cv_park_models/cv_canopy_height_900m_coef_gonarezhou_mesh_4_1000m_local_density_parks.Rds,Canopy Height Trend
Gonarezhou,canopy_height_900m_coef,4,100,mesh_5,325,TRUE,5,7733.19099627935,122934,3.61871361547934,cv_canopy_height_900m_coef_gonarezhou_mesh_5_1000m_local_density_parks,builds/cv_park_models/cv_canopy_height_900m_coef_gonarezhou_mesh_5_1000m_local_density_parks.Rds,Canopy Height Trend
Gonarezhou,canopy_height_900m_coef,4,150,mesh_6,325,FALSE,4,7694.51789090903,122934,3.60061670140806,cv_canopy_height_900m_coef_gonarezhou_mesh_6_1000m_local_density_parks,builds/cv_park_models/cv_canopy_height_900m_coef_gonarezhou_mesh_6_1000m_local_density_parks.Rds,Canopy Height Trend
Gonarezhou,canopy_height_900m_coef,8,50,mesh_7,127,TRUE,5,7377.30409960541,122934,3.45217786598288,cv_canopy_height_900m_coef_gonarezhou_mesh_7_1000m_local_density_parks,builds/cv_park_models/cv_canopy_height_900m_coef_gonarezhou_mesh_7_1000m_local_density_parks.Rds,Canopy Height Trend
Gonarezhou,canopy_height_900m_coef,8,150,mesh_9,127,FALSE,3,7376.67201708124,122934,3.45188208567208,cv_canopy_height_900m_coef_gonarezhou_mesh_9_1000m_local_density_parks,builds/cv_park_models/cv_canopy_height_900m_coef_gonarezhou_mesh_9_1000m_local_density_parks.Rds,Canopy Height Trend
Gonarezhou,canopy_height_900m_coef,16,50,mesh_10,54,FALSE,4,7094.61171513101,122934,3.319893175073,cv_canopy_height_900m_coef_gonarezhou_mesh_10_1000m_local_density_parks,builds/cv_park_models/cv_canopy_height_900m_coef_gonarezhou_mesh_10_1000m_local_density_parks.Rds,Canopy Height Trend
Gonarezhou,canopy_height_900m_coef,16,100,mesh_11,54,FALSE,4,7097.96997242165,122934,3.3214646571931,cv_canopy_height_900m_coef_gonarezhou_mesh_11_1000m_local_density_parks,builds/cv_park_models/cv_canopy_height_900m_coef_gonarezhou_mesh_11_1000m_local_density_parks.Rds,Canopy Height Trend
Gonarezhou,canopy_height_900m_coef,16,150,mesh_12,54,FALSE,4,7086.35855229436,122934,3.31603114286119,cv_canopy_height_900m_coef_gonarezhou_mesh_12_1000m_local_density_parks,builds/cv_park_models/cv_canopy_height_900m_coef_gonarezhou_mesh_12_1000m_local_density_parks.Rds,Canopy Height Trend
Chobe,tree_cover_1000m_coef,2,50,mesh_1,1429,TRUE,5,-3623.66421461409,122934,-0.740884116666139,cv_tree_cover_1000m_coef_chobe_mesh_1_1000m_local_density_parks,builds/cv_park_models/cv_tree_cover_1000m_coef_chobe_mesh_1_1000m_local_density_parks.Rds,Woody Cover Trend
Chobe,tree_cover_1000m_coef,2,100,mesh_2,1429,FALSE,4,-3661.44376374392,122934,-0.748608416222433,cv_tree_cover_1000m_coef_chobe_mesh_2_1000m_local_density_parks,builds/cv_park_models/cv_tree_cover_1000m_coef_chobe_mesh_2_1000m_local_density_parks.Rds,Woody Cover Trend
Chobe,tree_cover_1000m_coef,2,150,mesh_3,1429,TRUE,5,-3624.69242988331,122934,-0.741094342646353,cv_tree_cover_1000m_coef_chobe_mesh_3_1000m_local_density_parks,builds/cv_park_models/cv_tree_cover_1000m_coef_chobe_mesh_3_1000m_local_density_parks.Rds,Woody Cover Trend
Chobe,tree_cover_1000m_coef,4,50,mesh_4,591,TRUE,5,-4356.79478632212,122934,-0.890777915829508,cv_tree_cover_1000m_coef_chobe_mesh_4_1000m_local_density_parks,builds/cv_park_models/cv_tree_cover_1000m_coef_chobe_mesh_4_1000m_local_density_parks.Rds,Woody Cover Trend
Chobe,tree_cover_1000m_coef,4,100,mesh_5,591,TRUE,5,-4402.46861270369,122934,-0.900116256942076,cv_tree_cover_1000m_coef_chobe_mesh_5_1000m_local_density_parks,builds/cv_park_models/cv_tree_cover_1000m_coef_chobe_mesh_5_1000m_local_density_parks.Rds,Woody Cover Trend
Chobe,tree_cover_1000m_coef,4,150,mesh_6,591,TRUE,5,-4411.67396103312,122934,-0.901998356375613,cv_tree_cover_1000m_coef_chobe_mesh_6_1000m_local_density_parks,builds/cv_park_models/cv_tree_cover_1000m_coef_chobe_mesh_6_1000m_local_density_parks.Rds,Woody Cover Trend
Chobe,tree_cover_1000m_coef,8,50,mesh_7,217,TRUE,5,-5148.38594095797,122934,-1.05262440011408,cv_tree_cover_1000m_coef_chobe_mesh_7_1000m_local_density_parks,builds/cv_park_models/cv_tree_cover_1000m_coef_chobe_mesh_7_1000m_local_density_parks.Rds,Woody Cover Trend
Chobe,tree_cover_1000m_coef,8,100,mesh_8,217,FALSE,4,-5151.05441132483,122934,-1.05316998800344,cv_tree_cover_1000m_coef_chobe_mesh_8_1000m_local_density_parks,builds/cv_park_models/cv_tree_cover_1000m_coef_chobe_mesh_8_1000m_local_density_parks.Rds,Woody Cover Trend
Chobe,tree_cover_1000m_coef,8,150,mesh_9,217,TRUE,5,-5143.24813977213,122934,-1.051573939843,cv_tree_cover_1000m_coef_chobe_mesh_9_1000m_local_density_parks,builds/cv_park_models/cv_tree_cover_1000m_coef_chobe_mesh_9_1000m_local_density_parks.Rds,Woody Cover Trend
Chobe,tree_cover_1000m_coef,16,50,mesh_10,93,FALSE,4,-5755.6974331303,122934,-1.17679358681871,cv_tree_cover_1000m_coef_chobe_mesh_10_1000m_local_density_parks,builds/cv_park_models/cv_tree_cover_1000m_coef_chobe_mesh_10_1000m_local_density_parks.Rds,Woody Cover Trend
Chobe,tree_cover_1000m_coef,16,100,mesh_11,93,TRUE,5,-5755.75548039348,122934,-1.17680545499764,cv_tree_cover_1000m_coef_chobe_mesh_11_1000m_local_density_parks,builds/cv_park_models/cv_tree_cover_1000m_coef_chobe_mesh_11_1000m_local_density_parks.Rds,Woody Cover Trend
Chobe,tree_cover_1000m_coef,16,150,mesh_12,93,TRUE,5,-5749.73945911274,122934,-1.17557543633464,cv_tree_cover_1000m_coef_chobe_mesh_12_1000m_local_density_parks,builds/cv_park_models/cv_tree_cover_1000m_coef_chobe_mesh_12_1000m_local_density_parks.Rds,Woody Cover Trend
Chobe,tree_cover_1000m_coef,32,50,mesh_13,44,FALSE,4,-6100.7245704841,122934,-1.24733685759233,cv_tree_cover_1000m_coef_chobe_mesh_13_1000m_local_density_parks,builds/cv_park_models/cv_tree_cover_1000m_coef_chobe_mesh_13_1000m_local_density_parks.Rds,Woody Cover Trend
Chobe,tree_cover_1000m_coef,32,100,mesh_14,44,TRUE,5,-6107.0422583277,122934,-1.24862855414592,cv_tree_cover_1000m_coef_chobe_mesh_14_1000m_local_density_parks,builds/cv_park_models/cv_tree_cover_1000m_coef_chobe_mesh_14_1000m_local_density_parks.Rds,Woody Cover Trend
Chobe,tree_cover_1000m_coef,32,150,mesh_15,44,TRUE,5,-6104.56261134535,122934,-1.24812157255068,cv_tree_cover_1000m_coef_chobe_mesh_15_1000m_local_density_parks,builds/cv_park_models/cv_tree_cover_1000m_coef_chobe_mesh_15_1000m_local_density_parks.Rds,Woody Cover Trend
Chobe,canopy_height_900m_coef,2,50,mesh_1,1429,FALSE,3,19185.6031255191,122934,3.92263404733574,cv_canopy_height_900m_coef_chobe_mesh_1_1000m_local_density_parks,builds/cv_park_models/cv_canopy_height_900m_coef_chobe_mesh_1_1000m_local_density_parks.Rds,Canopy Height Trend
Chobe,canopy_height_900m_coef,2,150,mesh_3,1429,TRUE,5,19138.2279447175,122934,3.91294785211971,cv_canopy_height_900m_coef_chobe_mesh_3_1000m_local_density_parks,builds/cv_park_models/cv_canopy_height_900m_coef_chobe_mesh_3_1000m_local_density_parks.Rds,Canopy Height Trend
Chobe,canopy_height_900m_coef,4,50,mesh_4,591,TRUE,5,18293.0122969686,122934,3.74013745593306,cv_canopy_height_900m_coef_chobe_mesh_4_1000m_local_density_parks,builds/cv_park_models/cv_canopy_height_900m_coef_chobe_mesh_4_1000m_local_density_parks.Rds,Canopy Height Trend
Chobe,canopy_height_900m_coef,4,100,mesh_5,591,TRUE,5,18369.9900454211,122934,3.75587610824394,cv_canopy_height_900m_coef_chobe_mesh_5_1000m_local_density_parks,builds/cv_park_models/cv_canopy_height_900m_coef_chobe_mesh_5_1000m_local_density_parks.Rds,Canopy Height Trend
Chobe,canopy_height_900m_coef,4,150,mesh_6,591,TRUE,5,18365.8718113579,122934,3.75503410577754,cv_canopy_height_900m_coef_chobe_mesh_6_1000m_local_density_parks,builds/cv_park_models/cv_canopy_height_900m_coef_chobe_mesh_6_1000m_local_density_parks.Rds,Canopy Height Trend
Chobe,canopy_height_900m_coef,8,50,mesh_7,217,FALSE,3,17200.9845641713,122934,3.51686456024767,cv_canopy_height_900m_coef_chobe_mesh_7_1000m_local_density_parks,builds/cv_park_models/cv_canopy_height_900m_coef_chobe_mesh_7_1000m_local_density_parks.Rds,Canopy Height Trend
Chobe,canopy_height_900m_coef,8,100,mesh_8,217,FALSE,3,17218.6206538762,122934,3.52047038517199,cv_canopy_height_900m_coef_chobe_mesh_8_1000m_local_density_parks,builds/cv_park_models/cv_canopy_height_900m_coef_chobe_mesh_8_1000m_local_density_parks.Rds,Canopy Height Trend
Chobe,canopy_height_900m_coef,16,50,mesh_10,93,FALSE,3,16013.345480576,122934,3.27404323871929,cv_canopy_height_900m_coef_chobe_mesh_10_1000m_local_density_parks,builds/cv_park_models/cv_canopy_height_900m_coef_chobe_mesh_10_1000m_local_density_parks.Rds,Canopy Height Trend
Chobe,canopy_height_900m_coef,16,100,mesh_11,93,FALSE,2,16042.0656909419,122934,3.27991529154403,cv_canopy_height_900m_coef_chobe_mesh_11_1000m_local_density_parks,builds/cv_park_models/cv_canopy_height_900m_coef_chobe_mesh_11_1000m_local_density_parks.Rds,Canopy Height Trend
Chobe,canopy_height_900m_coef,16,150,mesh_12,93,FALSE,3,16036.8894291381,122934,3.27885696772401,cv_canopy_height_900m_coef_chobe_mesh_12_1000m_local_density_parks,builds/cv_park_models/cv_canopy_height_900m_coef_chobe_mesh_12_1000m_local_density_parks.Rds,Canopy Height Trend
Chobe,canopy_height_900m_coef,32,50,mesh_13,44,TRUE,5,15586.9491688843,122934,3.18686345714258,cv_canopy_height_900m_coef_chobe_mesh_13_1000m_local_density_parks,builds/cv_park_models/cv_canopy_height_900m_coef_chobe_mesh_13_1000m_local_density_parks.Rds,Canopy Height Trend
Chobe,canopy_height_900m_coef,32,100,mesh_14,44,TRUE,5,15592.7512863341,122934,3.18804974163445,cv_canopy_height_900m_coef_chobe_mesh_14_1000m_local_density_parks,builds/cv_park_models/cv_canopy_height_900m_coef_chobe_mesh_14_1000m_local_density_parks.Rds,Canopy Height Trend
Chobe,canopy_height_900m_coef,32,150,mesh_15,44,TRUE,5,15590.7438967443,122934,3.18763931644741,cv_canopy_height_900m_coef_chobe_mesh_15_1000m_local_density_parks,builds/cv_park_models/cv_canopy_height_900m_coef_chobe_mesh_15_1000m_local_density_parks.Rds,Canopy Height Trend
Bwabwata,tree_cover_1000m_coef,4,100,mesh_5,500,TRUE,5,-4931.3196647219,122934,-0.998647157699859,cv_tree_cover_1000m_coef_bwabwata_mesh_5_1000m_local_density_parks,builds/cv_park_models/cv_tree_cover_1000m_coef_bwabwata_mesh_5_1000m_local_density_parks.Rds,Woody Cover Trend
Bwabwata,tree_cover_1000m_coef,8,50,mesh_7,178,TRUE,5,-5513.39116785791,122934,-1.11652312026284,cv_tree_cover_1000m_coef_bwabwata_mesh_7_1000m_local_density_parks,builds/cv_park_models/cv_tree_cover_1000m_coef_bwabwata_mesh_7_1000m_local_density_parks.Rds,Woody Cover Trend
Bwabwata,tree_cover_1000m_coef,8,100,mesh_8,178,TRUE,5,-5486.58755618958,122934,-1.11109509035836,cv_tree_cover_1000m_coef_bwabwata_mesh_8_1000m_local_density_parks,builds/cv_park_models/cv_tree_cover_1000m_coef_bwabwata_mesh_8_1000m_local_density_parks.Rds,Woody Cover Trend
Bwabwata,tree_cover_1000m_coef,8,150,mesh_9,178,TRUE,5,-5492.61159930971,122934,-1.11231502618666,cv_tree_cover_1000m_coef_bwabwata_mesh_9_1000m_local_density_parks,builds/cv_park_models/cv_tree_cover_1000m_coef_bwabwata_mesh_9_1000m_local_density_parks.Rds,Woody Cover Trend
Bwabwata,tree_cover_1000m_coef,32,50,mesh_13,40,FALSE,4,-6384.90243506069,122934,-1.29301385886203,cv_tree_cover_1000m_coef_bwabwata_mesh_13_1000m_local_density_parks,builds/cv_park_models/cv_tree_cover_1000m_coef_bwabwata_mesh_13_1000m_local_density_parks.Rds,Woody Cover Trend
Bwabwata,tree_cover_1000m_coef,32,100,mesh_14,40,FALSE,4,-6382.59636771582,122934,-1.29254685453945,cv_tree_cover_1000m_coef_bwabwata_mesh_14_1000m_local_density_parks,builds/cv_park_models/cv_tree_cover_1000m_coef_bwabwata_mesh_14_1000m_local_density_parks.Rds,Woody Cover Trend
Bwabwata,tree_cover_1000m_coef,32,150,mesh_15,40,FALSE,4,-6377.31987256323,122934,-1.29147830550086,cv_tree_cover_1000m_coef_bwabwata_mesh_15_1000m_local_density_parks,builds/cv_park_models/cv_tree_cover_1000m_coef_bwabwata_mesh_15_1000m_local_density_parks.Rds,Woody Cover Trend
Bwabwata,canopy_height_900m_coef,2,50,mesh_1,1170,FALSE,3,17784.6126697995,122934,3.60158215265278,cv_canopy_height_900m_coef_bwabwata_mesh_1_1000m_local_density_parks,builds/cv_park_models/cv_canopy_height_900m_coef_bwabwata_mesh_1_1000m_local_density_parks.Rds,Canopy Height Trend
Bwabwata,canopy_height_900m_coef,4,50,mesh_4,500,FALSE,4,17270.1605850801,122934,3.49739987547188,cv_canopy_height_900m_coef_bwabwata_mesh_4_1000m_local_density_parks,builds/cv_park_models/cv_canopy_height_900m_coef_bwabwata_mesh_4_1000m_local_density_parks.Rds,Canopy Height Trend
Bwabwata,canopy_height_900m_coef,4,100,mesh_5,500,FALSE,4,17234.8359279242,122934,3.49024623894779,cv_canopy_height_900m_coef_bwabwata_mesh_5_1000m_local_density_parks,builds/cv_park_models/cv_canopy_height_900m_coef_bwabwata_mesh_5_1000m_local_density_parks.Rds,Canopy Height Trend
Bwabwata,canopy_height_900m_coef,4,150,mesh_6,500,FALSE,3,17230.0609997996,122934,3.48927926281887,cv_canopy_height_900m_coef_bwabwata_mesh_6_1000m_local_density_parks,builds/cv_park_models/cv_canopy_height_900m_coef_bwabwata_mesh_6_1000m_local_density_parks.Rds,Canopy Height Trend
Bwabwata,canopy_height_900m_coef,8,50,mesh_7,178,FALSE,2,16605.6252062302,122934,3.3628240595849,cv_canopy_height_900m_coef_bwabwata_mesh_7_1000m_local_density_parks,builds/cv_park_models/cv_canopy_height_900m_coef_bwabwata_mesh_7_1000m_local_density_parks.Rds,Canopy Height Trend
Bwabwata,canopy_height_900m_coef,8,100,mesh_8,178,FALSE,1,16576.680267181,122934,3.35696238703544,cv_canopy_height_900m_coef_bwabwata_mesh_8_1000m_local_density_parks,builds/cv_park_models/cv_canopy_height_900m_coef_bwabwata_mesh_8_1000m_local_density_parks.Rds,Canopy Height Trend
Bwabwata,canopy_height_900m_coef,8,150,mesh_9,178,FALSE,3,16590.6980038994,122934,3.35980113485205,cv_canopy_height_900m_coef_bwabwata_mesh_9_1000m_local_density_parks,builds/cv_park_models/cv_canopy_height_900m_coef_bwabwata_mesh_9_1000m_local_density_parks.Rds,Canopy Height Trend
Bwabwata,canopy_height_900m_coef,16,50,mesh_10,69,FALSE,2,16071.1779694323,122934,3.25459254139982,cv_canopy_height_900m_coef_bwabwata_mesh_10_1000m_local_density_parks,builds/cv_park_models/cv_canopy_height_900m_coef_bwabwata_mesh_10_1000m_local_density_parks.Rds,Canopy Height Trend
Bwabwata,canopy_height_900m_coef,16,150,mesh_12,69,FALSE,2,16067.1511745599,122934,3.25377707058726,cv_canopy_height_900m_coef_bwabwata_mesh_12_1000m_local_density_parks,builds/cv_park_models/cv_canopy_height_900m_coef_bwabwata_mesh_12_1000m_local_density_parks.Rds,Canopy Height Trend
